row_id,col_id,well_id,value,plate_id,time_hr,is_blank,exclude_from_analysis,exclude_reason,family_id_group,sample_id_group,treatment_group,width_mm_measurement,length_mm_measurement,weight_mg_measurement,area_mm2_measurement,value_t0,fold_change,trace_id,mean_blank_fc,corrected_fc,metabolism_per_area_mm2_measurement
A,1,A1,178,b,0,FALSE,FALSE,NA,tweed,1,selected,NA,NA,NA,211.688,178,1,1,1,0,0
A,2,A2,183,b,0,FALSE,FALSE,NA,blue,2,selected,NA,NA,NA,194.349,183,1,2,1,0,0
A,3,A3,192,b,0,FALSE,FALSE,NA,tweed,3,control,NA,NA,NA,183.861,192,1,3,1,0,0
A,4,A4,149,b,0,FALSE,FALSE,NA,blue,4,control,NA,NA,NA,124.956,149,1,4,1,0,0
B,1,B1,224,b,0,FALSE,FALSE,NA,tweed,5,selected,NA,NA,NA,297.767,224,1,5,1,0,0
B,2,B2,149,b,0,FALSE,FALSE,NA,blue,6,selected,NA,NA,NA,143.734,149,1,6,1,0,0
B,3,B3,161,b,0,FALSE,FALSE,NA,tweed,7,control,NA,NA,NA,107.619,161,1,7,1,0,0
B,4,B4,164,b,0,FALSE,FALSE,NA,blue,8,control,NA,NA,NA,153.249,164,1,8,1,0,0
C,2,C2,178,b,0,FALSE,FALSE,NA,blue,10,selected,NA,NA,NA,190.928,178,1,10,1,0,0
C,3,C3,164,b,0,FALSE,FALSE,NA,tweed,11,control,NA,NA,NA,153.814,164,1,11,1,0,0
C,4,C4,152,b,0,FALSE,FALSE,NA,blue,12,control,NA,NA,NA,128.728,152,1,12,1,0,0
A,1,A1,468,b,0.5,FALSE,FALSE,NA,tweed,1,selected,NA,NA,NA,211.688,178,2.6292134831460676,1,1.0087719298245614,1.6204415533215062,0.007654857872536498
A,2,A2,424,b,0.5,FALSE,FALSE,NA,blue,2,selected,NA,NA,NA,194.349,183,2.3169398907103824,2,1.0087719298245614,1.308167960885821,0.006731024913355979
A,3,A3,399,b,0.5,FALSE,FALSE,NA,tweed,3,control,NA,NA,NA,183.861,192,2.078125,3,1.0087719298245614,1.0693530701754386,0.0058160951489192305
A,4,A4,264,b,0.5,FALSE,FALSE,NA,blue,4,control,NA,NA,NA,124.956,149,1.7718120805369129,4,1.0087719298245614,0.7630401507123514,0.006106470683379361
B,1,B1,556,b,0.5,FALSE,FALSE,NA,tweed,5,selected,NA,NA,NA,297.767,224,2.482142857142857,5,1.0087719298245614,1.4733709273182958,0.004948066532954611
B,2,B2,284,b,0.5,FALSE,FALSE,NA,blue,6,selected,NA,NA,NA,143.734,149,1.9060402684563758,6,1.0087719298245614,0.8972683386318143,0.0062425615277652766
B,3,B3,242,b,0.5,FALSE,FALSE,NA,tweed,7,control,NA,NA,NA,107.619,161,1.5031055900621118,7,1.0087719298245614,0.4943336602375503,0.004593367901927637
B,4,B4,311,b,0.5,FALSE,FALSE,NA,blue,8,control,NA,NA,NA,153.249,164,1.896341463414634,8,1.0087719298245614,0.8875695335900726,0.0057916823835070545
C,2,C2,363,b,0.5,FALSE,FALSE,NA,blue,10,selected,NA,NA,NA,190.928,178,2.039325842696629,10,1.0087719298245614,1.0305539128720678,0.005397604923699341
C,3,C3,307,b,0.5,FALSE,FALSE,NA,tweed,11,control,NA,NA,NA,153.814,164,1.8719512195121952,11,1.0087719298245614,0.8631792896876338,0.005611838257165367
C,4,C4,305,b,0.5,FALSE,FALSE,NA,blue,12,control,NA,NA,NA,128.728,152,2.0065789473684212,12,1.0087719298245614,0.9978070175438598,0.007751281908705641
A,1,A1,747,b,1,FALSE,FALSE,NA,tweed,1,selected,NA,NA,NA,211.688,178,4.196629213483146,1,1.0350877192982457,3.1615414941849007,0.014934911257061811
A,2,A2,652,b,1,FALSE,FALSE,NA,blue,2,selected,NA,NA,NA,194.349,183,3.5628415300546448,2,1.0350877192982457,2.527753810756399,0.013006260957125579
A,3,A3,612,b,1,FALSE,FALSE,NA,tweed,3,control,NA,NA,NA,183.861,192,3.1875,3,1.0350877192982457,2.1524122807017543,0.011706736505848192
A,4,A4,418,b,1,FALSE,FALSE,NA,blue,4,control,NA,NA,NA,124.956,149,2.8053691275167787,4,1.0350877192982457,1.770281408218533,0.014167238133571281
B,1,B1,960,b,1,FALSE,FALSE,NA,tweed,5,selected,NA,NA,NA,297.767,224,4.285714285714286,5,1.0350877192982457,3.25062656641604,0.010916678364009577
B,2,B2,450,b,1,FALSE,FALSE,NA,blue,6,selected,NA,NA,NA,143.734,149,3.0201342281879193,6,1.0350877192982457,1.9850465088896736,0.01381055636724556
B,3,B3,341,b,1,FALSE,FALSE,NA,tweed,7,control,NA,NA,NA,107.619,161,2.1180124223602483,7,1.0350877192982457,1.0829247030620026,0.010062579126938576
B,4,B4,510,b,1,FALSE,FALSE,NA,blue,8,control,NA,NA,NA,153.249,164,3.1097560975609757,8,1.0350877192982457,2.07466837826273,0.013537891785673838
C,2,C2,586,b,1,FALSE,FALSE,NA,blue,10,selected,NA,NA,NA,190.928,178,3.292134831460674,10,1.0350877192982457,2.2570471121624283,0.01182145684322063
C,3,C3,477,b,1,FALSE,FALSE,NA,tweed,11,control,NA,NA,NA,153.814,164,2.908536585365854,11,1.0350877192982457,1.873448866067608,0.012179963241756981
C,4,C4,479,b,1,FALSE,FALSE,NA,blue,12,control,NA,NA,NA,128.728,152,3.151315789473684,12,1.0350877192982457,2.1162280701754383,0.01643953196022185
A,1,A1,935,b,1.5,FALSE,FALSE,NA,tweed,1,selected,NA,NA,NA,211.688,178,5.252808988764045,1,1.0701754385964912,4.182633550167553,0.019758482059292704
A,2,A2,828,b,1.5,FALSE,FALSE,NA,blue,2,selected,NA,NA,NA,194.349,183,4.524590163934426,2,1.0701754385964912,3.4544147253379345,0.017774286079876585
A,3,A3,714,b,1.5,FALSE,FALSE,NA,tweed,3,control,NA,NA,NA,183.861,192,3.71875,3,1.0701754385964912,2.6485745614035086,0.014405309235800462
A,4,A4,520,b,1.5,FALSE,FALSE,NA,blue,4,control,NA,NA,NA,124.956,149,3.48993288590604,4,1.0701754385964912,2.419757447309549,0.019364876014833613
B,1,B1,1223,b,1.5,FALSE,FALSE,NA,tweed,5,selected,NA,NA,NA,297.767,224,5.459821428571429,5,1.0701754385964912,4.389645989974937,0.014741882041915113
B,2,B2,544,b,1.5,FALSE,FALSE,NA,blue,6,selected,NA,NA,NA,143.734,149,3.651006711409396,6,1.0701754385964912,2.5808312728129046,0.017955607391521175
B,3,B3,413,b,1.5,FALSE,FALSE,NA,tweed,7,control,NA,NA,NA,107.619,161,2.5652173913043477,7,1.0701754385964912,1.4950419527078564,0.013891988893298176
B,4,B4,661,b,1.5,FALSE,FALSE,NA,blue,8,control,NA,NA,NA,153.249,164,4.030487804878049,8,1.0701754385964912,2.960312366281557,0.019317009352632364
C,2,C2,729,b,1.5,FALSE,FALSE,NA,blue,10,selected,NA,NA,NA,190.928,178,4.095505617977528,10,1.0701754385964912,3.0253301793810365,0.015845398157321278
C,3,C3,601,b,1.5,FALSE,FALSE,NA,tweed,11,control,NA,NA,NA,153.814,164,3.6646341463414633,11,1.0701754385964912,2.5944587077449723,0.016867506909286362
C,4,C4,594,b,1.5,FALSE,FALSE,NA,blue,12,control,NA,NA,NA,128.728,152,3.9078947368421053,12,1.0701754385964912,2.837719298245614,0.022044305032670544
A,1,A1,1165,b,2,FALSE,FALSE,NA,tweed,1,selected,NA,NA,NA,211.688,178,6.544943820224719,1,1.0964912280701755,5.448452592154544,0.025738126828892257
A,2,A2,1051,b,2,FALSE,FALSE,NA,blue,2,selected,NA,NA,NA,194.349,183,5.743169398907104,2,1.0964912280701755,4.646678170836928,0.02390893789439065
A,3,A3,918,b,2,FALSE,FALSE,NA,tweed,3,control,NA,NA,NA,183.861,192,4.78125,3,1.0964912280701755,3.6847587719298245,0.020041002561336143
A,4,A4,623,b,2,FALSE,FALSE,NA,blue,4,control,NA,NA,NA,124.956,149,4.181208053691275,4,1.0964912280701755,3.0847168256210997,0.024686424226296452
B,1,B1,1471,b,2,FALSE,FALSE,NA,tweed,5,selected,NA,NA,NA,297.767,224,6.566964285714286,5,1.0964912280701755,5.47047305764411,0.018371656555777202
B,2,B2,714,b,2,FALSE,FALSE,NA,blue,6,selected,NA,NA,NA,143.734,149,4.791946308724833,6,1.0964912280701755,3.695455080654657,0.025710375281107162
B,3,B3,491,b,2,FALSE,FALSE,NA,tweed,7,control,NA,NA,NA,107.619,161,3.049689440993789,7,1.0964912280701755,1.9531982129236134,0.018149194964863207
B,4,B4,786,b,2,FALSE,FALSE,NA,blue,8,control,NA,NA,NA,153.249,164,4.7926829268292686,8,1.0964912280701755,3.696191698759093,0.024118863410261034
C,2,C2,913,b,2,FALSE,FALSE,NA,blue,10,selected,NA,NA,NA,190.928,178,5.129213483146067,10,1.0964912280701755,4.032722255075892,0.021121691187651323
C,3,C3,735,b,2,FALSE,FALSE,NA,tweed,11,control,NA,NA,NA,153.814,164,4.4817073170731705,11,1.0964912280701755,3.385216089002995,0.022008504355929857
C,4,C4,703,b,2,FALSE,FALSE,NA,blue,12,control,NA,NA,NA,128.728,152,4.625,12,1.0964912280701755,3.5285087719298245,0.02741057712331291
A,1,A1,1430,b,2.5,FALSE,FALSE,NA,tweed,1,selected,NA,NA,NA,211.688,178,8.03370786516854,1,1.1140350877192982,6.919672777449241,0.03268807290658536
A,2,A2,1102,b,2.5,FALSE,FALSE,NA,blue,2,selected,NA,NA,NA,194.349,183,6.021857923497268,2,1.1140350877192982,4.90782283577797,0.02525262715927517
A,3,A3,1018,b,2.5,FALSE,FALSE,NA,tweed,3,control,NA,NA,NA,183.861,192,5.302083333333333,3,1.1140350877192982,4.188048245614035,0.022778339319453476
A,4,A4,693,b,2.5,FALSE,FALSE,NA,blue,4,control,NA,NA,NA,124.956,149,4.651006711409396,4,1.1140350877192982,3.536971623690098,0.028305736608807083
B,1,B1,1645,b,2.5,FALSE,FALSE,NA,tweed,5,selected,NA,NA,NA,297.767,224,7.34375,5,1.1140350877192982,6.229714912280702,0.020921441638195978
B,2,B2,809,b,2.5,FALSE,FALSE,NA,blue,6,selected,NA,NA,NA,143.734,149,5.429530201342282,6,1.1140350877192982,4.315495113622984,0.030024177394513366
B,3,B3,539,b,2.5,FALSE,FALSE,NA,tweed,7,control,NA,NA,NA,107.619,161,3.347826086956522,7,1.1140350877192982,2.2337909992372236,0.020756474221440672
B,4,B4,891,b,2.5,FALSE,FALSE,NA,blue,8,control,NA,NA,NA,153.249,164,5.432926829268292,8,1.1140350877192982,4.3188917415489945,0.028182185472981843
C,2,C2,1008,b,2.5,FALSE,FALSE,NA,blue,10,selected,NA,NA,NA,190.928,178,5.662921348314606,10,1.1140350877192982,4.548886260595308,0.023825139636906627
C,3,C3,812,b,2.5,FALSE,FALSE,NA,tweed,11,control,NA,NA,NA,153.814,164,4.951219512195122,11,1.1140350877192982,3.837184424475824,0.0249469126638396
C,4,C4,757,b,2.5,FALSE,FALSE,NA,blue,12,control,NA,NA,NA,128.728,152,4.980263157894737,12,1.1140350877192982,3.8662280701754392,0.030034087923182518
A,1,A1,1812,b,3,FALSE,FALSE,NA,tweed,1,selected,NA,NA,NA,211.688,178,10.179775280898877,1,1.1140350877192982,9.065740193179579,0.0428259523127413
A,2,A2,1279,b,3,FALSE,FALSE,NA,blue,2,selected,NA,NA,NA,194.349,183,6.9890710382513666,2,1.1140350877192982,5.875035950532069,0.030229308874921243
A,3,A3,1153,b,3,FALSE,FALSE,NA,tweed,3,control,NA,NA,NA,183.861,192,6.005208333333333,3,1.1140350877192982,4.891173245614035,0.026602559790352687
A,4,A4,753,b,3,FALSE,FALSE,NA,blue,4,control,NA,NA,NA,124.956,149,5.053691275167785,4,1.1140350877192982,3.9396561874484872,0.03152834747790012
B,1,B1,1816,b,3,FALSE,FALSE,NA,tweed,5,selected,NA,NA,NA,297.767,224,8.107142857142858,5,1.1140350877192982,6.99310776942356,0.023485167158965096
B,2,B2,908,b,3,FALSE,FALSE,NA,blue,6,selected,NA,NA,NA,143.734,149,6.093959731543624,6,1.1140350877192982,4.979924643824326,0.034646810384629426
B,3,B3,584,b,3,FALSE,FALSE,NA,tweed,7,control,NA,NA,NA,107.619,161,3.627329192546584,7,1.1140350877192982,2.5132941048272857,0.023353628121681912
B,4,B4,972,b,3,FALSE,FALSE,NA,blue,8,control,NA,NA,NA,153.249,164,5.926829268292683,8,1.1140350877192982,4.812794180573385,0.03140506091767897
C,2,C2,1093,b,3,FALSE,FALSE,NA,blue,10,selected,NA,NA,NA,190.928,178,6.140449438202247,10,1.1140350877192982,5.026414350482949,0.026326229523605492
C,3,C3,889,b,3,FALSE,FALSE,NA,tweed,11,control,NA,NA,NA,153.814,164,5.420731707317073,11,1.1140350877192982,4.306696619597775,0.027999379897784178
C,4,C4,830,b,3,FALSE,FALSE,NA,blue,12,control,NA,NA,NA,128.728,152,5.4605263157894735,12,1.1140350877192982,4.3464912280701755,0.03376492471001006
A,1,A1,2065,b,3.5,FALSE,FALSE,NA,tweed,1,selected,NA,NA,NA,211.688,178,11.601123595505618,1,1.1228070175438596,10.478316577961758,0.04949886898625221
A,2,A2,1367,b,3.5,FALSE,FALSE,NA,blue,2,selected,NA,NA,NA,194.349,183,7.469945355191257,2,1.1228070175438596,6.347138337647397,0.03265845637305773
A,3,A3,1244,b,3.5,FALSE,FALSE,NA,tweed,3,control,NA,NA,NA,183.861,192,6.479166666666667,3,1.1228070175438596,5.356359649122807,0.029132658090202965
A,4,A4,803,b,3.5,FALSE,FALSE,NA,blue,4,control,NA,NA,NA,124.956,149,5.389261744966443,4,1.1228070175438596,4.266454727422583,0.03414365638642869
B,1,B1,1940,b,3.5,FALSE,FALSE,NA,tweed,5,selected,NA,NA,NA,297.767,224,8.660714285714286,5,1.1228070175438596,7.537907268170427,0.025314783935662537
B,2,B2,989,b,3.5,FALSE,FALSE,NA,blue,6,selected,NA,NA,NA,143.734,149,6.6375838926174495,6,1.1228070175438596,5.51477687507359,0.03836793573596776
B,3,B3,620,b,3.5,FALSE,FALSE,NA,tweed,7,control,NA,NA,NA,107.619,161,3.8509316770186337,7,1.1228070175438596,2.728124659474774,0.02534984212336831
B,4,B4,1030,b,3.5,FALSE,FALSE,NA,blue,8,control,NA,NA,NA,153.249,164,6.280487804878049,8,1.1228070175438596,5.157680787334189,0.03365555917059289
C,2,C2,1155,b,3.5,FALSE,FALSE,NA,blue,10,selected,NA,NA,NA,190.928,178,6.48876404494382,10,1.1228070175438596,5.36595702739996,0.028104610258317064
C,3,C3,940,b,3.5,FALSE,FALSE,NA,tweed,11,control,NA,NA,NA,153.814,164,5.7317073170731705,11,1.1228070175438596,4.608900299529311,0.029964114446859917
C,4,C4,879,b,3.5,FALSE,FALSE,NA,blue,12,control,NA,NA,NA,128.728,152,5.782894736842105,12,1.1228070175438596,4.660087719298246,0.03620104188131755
A,1,A1,2366,b,4,FALSE,FALSE,NA,tweed,1,selected,NA,NA,NA,211.688,178,13.292134831460674,1,1.131578947368421,12.160555884092252,0.05744565532336388
A,2,A2,1490,b,4,FALSE,FALSE,NA,blue,2,selected,NA,NA,NA,194.349,183,8.142076502732241,2,1.131578947368421,7.01049755536382,0.036071693475983
A,3,A3,1290,b,4,FALSE,FALSE,NA,tweed,3,control,NA,NA,NA,183.861,192,6.71875,3,1.131578947368421,5.587171052631579,0.03038801623308684
A,4,A4,829,b,4,FALSE,FALSE,NA,blue,4,control,NA,NA,NA,124.956,149,5.563758389261745,4,1.131578947368421,4.432179441893323,0.035469920947320044
B,1,B1,2030,b,4,FALSE,FALSE,NA,tweed,5,selected,NA,NA,NA,297.767,224,9.0625,5,1.131578947368421,7.930921052631579,0.02663465411758717
B,2,B2,1024,b,4,FALSE,FALSE,NA,blue,6,selected,NA,NA,NA,143.734,149,6.87248322147651,6,1.131578947368421,5.740904274108089,0.03994117101109054
B,3,B3,650,b,4,FALSE,FALSE,NA,tweed,7,control,NA,NA,NA,107.619,161,4.037267080745342,7,1.131578947368421,2.9056881333769207,0.026999768938355873
B,4,B4,1093,b,4,FALSE,FALSE,NA,blue,8,control,NA,NA,NA,153.249,164,6.664634146341464,8,1.131578947368421,5.5330551989730425,0.03610500035219181
C,2,C2,1222,b,4,FALSE,FALSE,NA,blue,10,selected,NA,NA,NA,190.928,178,6.865168539325842,10,1.131578947368421,5.733589591957421,0.030030113927540337
C,3,C3,991,b,4,FALSE,FALSE,NA,tweed,11,control,NA,NA,NA,153.814,164,6.0426829268292686,11,1.131578947368421,4.911103979460847,0.031928848995935656
C,4,C4,915,b,4,FALSE,FALSE,NA,blue,12,control,NA,NA,NA,128.728,152,6.019736842105263,12,1.131578947368421,4.888157894736842,0.03797276346045026
A,1,A1,140,h,0,FALSE,FALSE,NA,tweed,13,selected,NA,NA,NA,120.733,140,1,13,1,0,0
A,2,A2,158,h,0,FALSE,FALSE,NA,blue,14,selected,NA,NA,NA,122.078,158,1,14,1,0,0
A,3,A3,141,h,0,FALSE,FALSE,NA,tweed,15,control,NA,NA,NA,142.904,141,1,15,1,0,0
A,4,A4,131,h,0,FALSE,FALSE,NA,blue,16,control,NA,NA,NA,100.656,131,1,16,1,0,0
B,1,B1,169,h,0,FALSE,FALSE,NA,tweed,17,selected,NA,NA,NA,195.276,169,1,17,1,0,0
B,2,B2,143,h,0,FALSE,FALSE,NA,blue,18,selected,NA,NA,NA,165.075,143,1,18,1,0,0
B,3,B3,133,h,0,FALSE,FALSE,NA,tweed,19,control,NA,NA,NA,109.886,133,1,19,1,0,0
B,4,B4,156,h,0,FALSE,FALSE,NA,blue,20,control,NA,NA,NA,152.797,156,1,20,1,0,0
C,1,C1,162,h,0,FALSE,FALSE,NA,tweed,21,selected,NA,NA,NA,183.204,162,1,21,1,0,0
C,3,C3,163,h,0,FALSE,FALSE,NA,tweed,23,control,NA,NA,NA,172.907,163,1,23,1,0,0
C,4,C4,147,h,0,FALSE,FALSE,NA,blue,24,control,NA,NA,NA,103.949,147,1,24,1,0,0
A,1,A1,309,h,0.5,FALSE,FALSE,NA,tweed,13,selected,NA,NA,NA,120.733,140,2.2071428571428573,13,1.0446428571428572,1.1625,0.009628684783779084
A,2,A2,278,h,0.5,FALSE,FALSE,NA,blue,14,selected,NA,NA,NA,122.078,158,1.759493670886076,14,1.0446428571428572,0.7148508137432188,0.005855689098307793
A,3,A3,303,h,0.5,FALSE,FALSE,NA,tweed,15,control,NA,NA,NA,142.904,141,2.148936170212766,15,1.0446428571428572,1.1042933130699089,0.007727518565399911
A,4,A4,194,h,0.5,FALSE,FALSE,NA,blue,16,control,NA,NA,NA,100.656,131,1.4809160305343512,16,1.0446428571428572,0.43627317339149396,0.004334298734218466
B,1,B1,401,h,0.5,FALSE,FALSE,NA,tweed,17,selected,NA,NA,NA,195.276,169,2.3727810650887573,17,1.0446428571428572,1.3281382079459,0.0068013386588515745
B,2,B2,285,h,0.5,FALSE,FALSE,NA,blue,18,selected,NA,NA,NA,165.075,143,1.993006993006993,18,1.0446428571428572,0.9483641358641357,0.005745050043096385
B,3,B3,248,h,0.5,FALSE,FALSE,NA,tweed,19,control,NA,NA,NA,109.886,133,1.8646616541353382,19,1.0446428571428572,0.820018796992481,0.007462450148267123
B,4,B4,256,h,0.5,FALSE,FALSE,NA,blue,20,control,NA,NA,NA,152.797,156,1.641025641025641,20,1.0446428571428572,0.5963827838827838,0.003903105321981346
C,1,C1,372,h,0.5,FALSE,FALSE,NA,tweed,21,selected,NA,NA,NA,183.204,162,2.2962962962962963,21,1.0446428571428572,1.251653439153439,0.0068320202569454765
C,3,C3,378,h,0.5,FALSE,FALSE,NA,tweed,23,control,NA,NA,NA,172.907,163,2.3190184049079754,23,1.0446428571428572,1.2743755477651182,0.007370294711984582
C,4,C4,271,h,0.5,FALSE,FALSE,NA,blue,24,control,NA,NA,NA,103.949,147,1.8435374149659864,24,1.0446428571428572,0.7988945578231292,0.007685447265708465
A,1,A1,452,h,1,FALSE,FALSE,NA,tweed,13,selected,NA,NA,NA,120.733,140,3.2285714285714286,13,1.0625,2.1660714285714286,0.017941005595582222
A,2,A2,471,h,1,FALSE,FALSE,NA,blue,14,selected,NA,NA,NA,122.078,158,2.981012658227848,14,1.0625,1.918512658227848,0.015715465999015778
A,3,A3,494,h,1,FALSE,FALSE,NA,tweed,15,control,NA,NA,NA,142.904,141,3.50354609929078,15,1.0625,2.44104609929078,0.017081719890911243
A,4,A4,279,h,1,FALSE,FALSE,NA,blue,16,control,NA,NA,NA,100.656,131,2.1297709923664123,16,1.0625,1.0672709923664123,0.010603153238420086
B,1,B1,622,h,1,FALSE,FALSE,NA,tweed,17,selected,NA,NA,NA,195.276,169,3.6804733727810652,17,1.0625,2.6179733727810652,0.013406529080793672
B,2,B2,432,h,1,FALSE,FALSE,NA,blue,18,selected,NA,NA,NA,165.075,143,3.020979020979021,18,1.0625,1.9584790209790208,0.01186417701638056
B,3,B3,391,h,1,FALSE,FALSE,NA,tweed,19,control,NA,NA,NA,109.886,133,2.9398496240601504,19,1.0625,1.8773496240601504,0.017084520540015566
B,4,B4,422,h,1,FALSE,FALSE,NA,blue,20,control,NA,NA,NA,152.797,156,2.7051282051282053,20,1.0625,1.6426282051282053,0.010750395656512925
C,1,C1,576,h,1,FALSE,FALSE,NA,tweed,21,selected,NA,NA,NA,183.204,162,3.5555555555555554,21,1.0625,2.4930555555555554,0.013608084733715177
C,3,C3,584,h,1,FALSE,FALSE,NA,tweed,23,control,NA,NA,NA,172.907,163,3.5828220858895707,23,1.0625,2.5203220858895707,0.014576171501961
C,4,C4,402,h,1,FALSE,FALSE,NA,blue,24,control,NA,NA,NA,103.949,147,2.7346938775510203,24,1.0625,1.6721938775510203,0.016086675942539326
A,1,A1,582,h,1.5,FALSE,FALSE,NA,tweed,13,selected,NA,NA,NA,120.733,140,4.1571428571428575,13,1.1071428571428572,3.0500000000000003,0.025262355776796735
A,2,A2,650,h,1.5,FALSE,FALSE,NA,blue,14,selected,NA,NA,NA,122.078,158,4.113924050632911,14,1.1071428571428572,3.006781193490054,0.02463000043816293
A,3,A3,646,h,1.5,FALSE,FALSE,NA,tweed,15,control,NA,NA,NA,142.904,141,4.581560283687943,15,1.1071428571428572,3.474417426545086,0.02431294733908838
A,4,A4,335,h,1.5,FALSE,FALSE,NA,blue,16,control,NA,NA,NA,100.656,131,2.5572519083969465,16,1.1071428571428572,1.4501090512540893,0.014406583325922838
B,1,B1,824,h,1.5,FALSE,FALSE,NA,tweed,17,selected,NA,NA,NA,195.276,169,4.875739644970414,17,1.1071428571428572,3.768596787827557,0.019298822117554418
B,2,B2,532,h,1.5,FALSE,FALSE,NA,blue,18,selected,NA,NA,NA,165.075,143,3.7202797202797204,18,1.1071428571428572,2.613136863136863,0.015829997656440185
B,3,B3,463,h,1.5,FALSE,FALSE,NA,tweed,19,control,NA,NA,NA,109.886,133,3.481203007518797,19,1.1071428571428572,2.3740601503759398,0.0216047553862725
B,4,B4,557,h,1.5,FALSE,FALSE,NA,blue,20,control,NA,NA,NA,152.797,156,3.5705128205128207,20,1.1071428571428572,2.4633699633699635,0.01612184770231067
C,1,C1,701,h,1.5,FALSE,FALSE,NA,tweed,21,selected,NA,NA,NA,183.204,162,4.327160493827161,21,1.1071428571428572,3.2200176366843034,0.01757613172575
C,3,C3,745,h,1.5,FALSE,FALSE,NA,tweed,23,control,NA,NA,NA,172.907,163,4.570552147239264,23,1.1071428571428572,3.4634092900964064,0.020030474706613417
C,4,C4,516,h,1.5,FALSE,FALSE,NA,blue,24,control,NA,NA,NA,103.949,147,3.510204081632653,24,1.1071428571428572,2.4030612244897958,0.023117694489507314
A,1,A1,700,h,2,FALSE,FALSE,NA,tweed,13,selected,NA,NA,NA,120.733,140,5,13,1.1339285714285714,3.866071428571429,0.032021662913796795
A,2,A2,762,h,2,FALSE,FALSE,NA,blue,14,selected,NA,NA,NA,122.078,158,4.822784810126582,14,1.1339285714285714,3.688856238698011,0.03021720734856412
A,3,A3,746,h,2,FALSE,FALSE,NA,tweed,15,control,NA,NA,NA,142.904,141,5.290780141843972,15,1.1339285714285714,4.156851570415401,0.029088419991150707
A,4,A4,380,h,2,FALSE,FALSE,NA,blue,16,control,NA,NA,NA,100.656,131,2.900763358778626,16,1.1339285714285714,1.7668347873500545,0.017553198888790082
B,1,B1,1002,h,2,FALSE,FALSE,NA,tweed,17,selected,NA,NA,NA,195.276,169,5.928994082840236,17,1.1339285714285714,4.795065511411665,0.024555324317436168
B,2,B2,624,h,2,FALSE,FALSE,NA,blue,18,selected,NA,NA,NA,165.075,143,4.363636363636363,18,1.1339285714285714,3.229707792207792,0.019565093395170634
B,3,B3,596,h,2,FALSE,FALSE,NA,tweed,19,control,NA,NA,NA,109.886,133,4.481203007518797,19,1.1339285714285714,3.347274436090226,0.030461336622410733
B,4,B4,631,h,2,FALSE,FALSE,NA,blue,20,control,NA,NA,NA,152.797,156,4.044871794871795,20,1.1339285714285714,2.9109432234432235,0.01905104958502604
C,1,C1,853,h,2,FALSE,FALSE,NA,tweed,21,selected,NA,NA,NA,183.204,162,5.265432098765432,21,1.1339285714285714,4.131503527336861,0.02255138276094878
C,3,C3,862,h,2,FALSE,FALSE,NA,tweed,23,control,NA,NA,NA,172.907,163,5.288343558282208,23,1.1339285714285714,4.154414986853637,0.02402687564328591
C,4,C4,574,h,2,FALSE,FALSE,NA,blue,24,control,NA,NA,NA,103.949,147,3.9047619047619047,24,1.1339285714285714,2.770833333333333,0.026655699750198013
A,1,A1,750,h,2.5,FALSE,FALSE,NA,tweed,13,selected,NA,NA,NA,120.733,140,5.357142857142857,13,1.1607142857142858,4.196428571428571,0.03475792510273555
A,2,A2,847,h,2.5,FALSE,FALSE,NA,blue,14,selected,NA,NA,NA,122.078,158,5.360759493670886,14,1.1607142857142858,4.200045207956601,0.03440460367925917
A,3,A3,817,h,2.5,FALSE,FALSE,NA,tweed,15,control,NA,NA,NA,142.904,141,5.794326241134752,15,1.1607142857142858,4.6336119554204664,0.032424648403267
A,4,A4,406,h,2.5,FALSE,FALSE,NA,blue,16,control,NA,NA,NA,100.656,131,3.099236641221374,16,1.1607142857142858,1.9385223555070883,0.019258885267714673
B,1,B1,1065,h,2.5,FALSE,FALSE,NA,tweed,17,selected,NA,NA,NA,195.276,169,6.3017751479289945,17,1.1607142857142858,5.141060862214709,0.026327151632636416
B,2,B2,701,h,2.5,FALSE,FALSE,NA,blue,18,selected,NA,NA,NA,165.075,143,4.9020979020979025,18,1.1607142857142858,3.741383616383617,0.022664750061387958
B,3,B3,963,h,2.5,FALSE,FALSE,NA,tweed,19,control,NA,NA,NA,109.886,133,7.2406015037593985,19,1.1607142857142858,6.079887218045113,0.055329042990418374
B,4,B4,720,h,2.5,FALSE,FALSE,NA,blue,20,control,NA,NA,NA,152.797,156,4.615384615384615,20,1.1607142857142858,3.4546703296703294,0.022609542920805574
C,1,C1,944,h,2.5,FALSE,FALSE,NA,tweed,21,selected,NA,NA,NA,183.204,162,5.827160493827161,21,1.1607142857142858,4.666446208112875,0.02547131180603521
C,3,C3,936,h,2.5,FALSE,FALSE,NA,tweed,23,control,NA,NA,NA,172.907,163,5.742331288343558,23,1.1607142857142858,4.581617002629272,0.02649757963893464
C,4,C4,624,h,2.5,FALSE,FALSE,NA,blue,24,control,NA,NA,NA,103.949,147,4.244897959183674,24,1.1607142857142858,3.084183673469388,0.029670162035896334
A,1,A1,808,h,3,FALSE,FALSE,NA,tweed,13,selected,NA,NA,NA,120.733,140,5.771428571428571,13,1.1875,4.583928571428571,0.03796748669732858
A,2,A2,918,h,3,FALSE,FALSE,NA,blue,14,selected,NA,NA,NA,122.078,158,5.810126582278481,14,1.1875,4.622626582278481,0.03786617230195843
A,3,A3,868,h,3,FALSE,FALSE,NA,tweed,15,control,NA,NA,NA,142.904,141,6.156028368794326,15,1.1875,4.968528368794326,0.034768294580937734
A,4,A4,425,h,3,FALSE,FALSE,NA,blue,16,control,NA,NA,NA,100.656,131,3.2442748091603053,16,1.1875,2.0567748091603053,0.02043370299992355
B,1,B1,1182,h,3,FALSE,FALSE,NA,tweed,17,selected,NA,NA,NA,195.276,169,6.994082840236686,17,1.1875,5.806582840236686,0.029735261067600143
B,2,B2,753,h,3,FALSE,FALSE,NA,blue,18,selected,NA,NA,NA,165.075,143,5.265734265734266,18,1.1875,4.078234265734266,0.02470534160675006
B,3,B3,1187,h,3,FALSE,FALSE,NA,tweed,19,control,NA,NA,NA,109.886,133,8.924812030075188,19,1.1875,7.737312030075188,0.07041217288895026
B,4,B4,780,h,3,FALSE,FALSE,NA,blue,20,control,NA,NA,NA,152.797,156,5,20,1.1875,3.8125,0.024951406113994386
C,1,C1,1014,h,3,FALSE,FALSE,NA,tweed,21,selected,NA,NA,NA,183.204,162,6.2592592592592595,21,1.1875,5.0717592592592595,0.027683670985673127
C,3,C3,1025,h,3,FALSE,FALSE,NA,tweed,23,control,NA,NA,NA,172.907,163,6.288343558282208,23,1.1875,5.100843558282208,0.029500503497731197
C,4,C4,685,h,3,FALSE,FALSE,NA,blue,24,control,NA,NA,NA,103.949,147,4.659863945578231,24,1.1875,3.4723639455782314,0.033404495912209176
A,1,A1,835,h,3.5,FALSE,FALSE,NA,tweed,13,selected,NA,NA,NA,120.733,140,5.964285714285714,13,1.1875,4.776785714285714,0.03956487219141175
A,2,A2,987,h,3.5,FALSE,FALSE,NA,blue,14,selected,NA,NA,NA,122.078,158,6.246835443037975,14,1.1875,5.059335443037975,0.04144346600565192
A,3,A3,916,h,3.5,FALSE,FALSE,NA,tweed,15,control,NA,NA,NA,142.904,141,6.49645390070922,15,1.1875,5.30895390070922,0.03715049194360704
A,4,A4,448,h,3.5,FALSE,FALSE,NA,blue,16,control,NA,NA,NA,100.656,131,3.4198473282442747,16,1.1875,2.2323473282442747,0.02217798569627518
B,1,B1,1262,h,3.5,FALSE,FALSE,NA,tweed,17,selected,NA,NA,NA,195.276,169,7.4674556213017755,17,1.1875,6.2799556213017755,0.03215938272650902
B,2,B2,801,h,3.5,FALSE,FALSE,NA,blue,18,selected,NA,NA,NA,165.075,143,5.601398601398602,18,1.1875,4.413898601398602,0.026738746638792076
B,3,B3,1375,h,3.5,FALSE,FALSE,NA,tweed,19,control,NA,NA,NA,109.886,133,10.338345864661655,19,1.1875,9.150845864661655,0.08327581188378551
B,4,B4,844,h,3.5,FALSE,FALSE,NA,blue,20,control,NA,NA,NA,152.797,156,5.410256410256411,20,1.1875,4.222756410256411,0.027636382980401518
C,1,C1,1073,h,3.5,FALSE,FALSE,NA,tweed,21,selected,NA,NA,NA,183.204,162,6.6234567901234565,21,1.1875,5.4359567901234565,0.02967160536955228
C,3,C3,1068,h,3.5,FALSE,FALSE,NA,tweed,23,control,NA,NA,NA,172.907,163,6.552147239263804,23,1.1875,5.364647239263804,0.03102620043875496
C,4,C4,709,h,3.5,FALSE,FALSE,NA,blue,24,control,NA,NA,NA,103.949,147,4.8231292517006805,24,1.1875,3.6356292517006805,0.03497512483718632
A,1,A1,887,h,4,FALSE,FALSE,NA,tweed,13,selected,NA,NA,NA,120.733,140,6.335714285714285,13,1.1964285714285714,5.139285714285714,0.04256736529603103
A,2,A2,1061,h,4,FALSE,FALSE,NA,blue,14,selected,NA,NA,NA,122.078,158,6.715189873417722,14,1.1964285714285714,5.518761301989151,0.045206845639584124
A,3,A3,963,h,4,FALSE,FALSE,NA,tweed,15,control,NA,NA,NA,142.904,141,6.829787234042553,15,1.1964285714285714,5.633358662613982,0.03942058068783227
A,4,A4,470,h,4,FALSE,FALSE,NA,blue,16,control,NA,NA,NA,100.656,131,3.5877862595419847,16,1.1964285714285714,2.3913576881134135,0.023757726197279977
B,1,B1,1353,h,4,FALSE,FALSE,NA,tweed,17,selected,NA,NA,NA,195.276,169,8.005917159763314,17,1.1964285714285714,6.809488588334743,0.03487109828312103
B,2,B2,852,h,4,FALSE,FALSE,NA,blue,18,selected,NA,NA,NA,165.075,143,5.958041958041958,18,1.1964285714285714,4.761613386613387,0.02884515151666447
B,3,B3,1534,h,4,FALSE,FALSE,NA,tweed,19,control,NA,NA,NA,109.886,133,11.533834586466165,19,1.1964285714285714,10.337406015037594,0.09407391310119209
B,4,B4,927,h,4,FALSE,FALSE,NA,blue,20,control,NA,NA,NA,152.797,156,5.9423076923076925,20,1.1964285714285714,4.745879120879121,0.031060028147667305
C,1,C1,1137,h,4,FALSE,FALSE,NA,tweed,21,selected,NA,NA,NA,183.204,162,7.018518518518518,21,1.1964285714285714,5.822089947089947,0.03177927308950649
C,3,C3,1162,h,4,FALSE,FALSE,NA,tweed,23,control,NA,NA,NA,172.907,163,7.128834355828221,23,1.1964285714285714,5.932405784399649,0.034309806915854474
C,4,C4,750,h,4,FALSE,FALSE,NA,blue,24,control,NA,NA,NA,103.949,147,5.1020408163265305,24,1.1964285714285714,3.9056122448979593,0.03757238881468758
A,1,A1,174,i,0,FALSE,FALSE,NA,tweed,25,selected,NA,NA,NA,237.964,174,1,25,1,0,0
A,2,A2,142,i,0,FALSE,FALSE,NA,blue,26,selected,NA,NA,NA,167.012,142,1,26,1,0,0
A,3,A3,142,i,0,FALSE,FALSE,NA,tweed,27,control,NA,NA,NA,174.02,142,1,27,1,0,0
A,4,A4,152,i,0,FALSE,FALSE,NA,blue,28,control,NA,NA,NA,198.336,152,1,28,1,0,0
B,1,B1,135,i,0,FALSE,FALSE,NA,tweed,29,selected,NA,NA,NA,120.558,135,1,29,1,0,0
B,2,B2,135,i,0,FALSE,FALSE,NA,blue,30,selected,NA,NA,NA,163.224,135,1,30,1,0,0
B,3,B3,133,i,0,FALSE,FALSE,NA,tweed,31,control,NA,NA,NA,149.261,133,1,31,1,0,0
B,4,B4,144,i,0,FALSE,FALSE,NA,blue,32,control,NA,NA,NA,155.675,144,1,32,1,0,0
C,1,C1,145,i,0,FALSE,FALSE,NA,tweed,33,selected,NA,NA,NA,203.482,145,1,33,1,0,0
C,2,C2,139,i,0,FALSE,FALSE,NA,blue,34,selected,NA,NA,NA,127.102,139,1,34,1,0,0
C,4,C4,125,i,0,FALSE,FALSE,NA,blue,36,control,NA,NA,NA,99.244,125,1,36,1,0,0
A,1,A1,417,i,0.5,FALSE,FALSE,NA,tweed,25,selected,NA,NA,NA,237.964,174,2.396551724137931,25,1.0265486725663717,1.3700030515715593,0.0057571861776216544
A,2,A2,318,i,0.5,FALSE,FALSE,NA,blue,26,selected,NA,NA,NA,167.012,142,2.23943661971831,26,1.0265486725663717,1.2128879471519383,0.007262280238257959
A,3,A3,311,i,0.5,FALSE,FALSE,NA,tweed,27,control,NA,NA,NA,174.02,142,2.1901408450704225,27,1.0265486725663717,1.1635921725040508,0.006686542768095913
A,4,A4,472,i,0.5,FALSE,FALSE,NA,blue,28,control,NA,NA,NA,198.336,152,3.1052631578947367,28,1.0265486725663717,2.078714485328365,0.010480772453454565
B,1,B1,257,i,0.5,FALSE,FALSE,NA,tweed,29,selected,NA,NA,NA,120.558,135,1.9037037037037037,29,1.0265486725663717,0.877155031137332,0.007275792822851506
B,2,B2,325,i,0.5,FALSE,FALSE,NA,blue,30,selected,NA,NA,NA,163.224,135,2.4074074074074074,30,1.0265486725663717,1.3808587348410357,0.008459900105628068
B,3,B3,242,i,0.5,FALSE,FALSE,NA,tweed,31,control,NA,NA,NA,149.261,133,1.8195488721804511,31,1.0265486725663717,0.7930001996140794,0.005312842601979616
B,4,B4,306,i,0.5,FALSE,FALSE,NA,blue,32,control,NA,NA,NA,155.675,144,2.125,32,1.0265486725663717,1.0984513274336283,0.007056054777155152
C,1,C1,421,i,0.5,FALSE,FALSE,NA,tweed,33,selected,NA,NA,NA,203.482,145,2.9034482758620688,33,1.0265486725663717,1.876899603295697,0.009223909747769814
C,2,C2,305,i,0.5,FALSE,FALSE,NA,blue,34,selected,NA,NA,NA,127.102,139,2.194244604316547,34,1.0265486725663717,1.1676959317501752,0.009187077557789611
C,4,C4,226,i,0.5,FALSE,FALSE,NA,blue,36,control,NA,NA,NA,99.244,125,1.808,36,1.0265486725663717,0.7814513274336283,0.007874041024481363
A,1,A1,646,i,1,FALSE,FALSE,NA,tweed,25,selected,NA,NA,NA,237.964,174,3.7126436781609193,25,1.0442477876106195,2.6683958905502996,0.011213443590418298
A,2,A2,607,i,1,FALSE,FALSE,NA,blue,26,selected,NA,NA,NA,167.012,142,4.274647887323944,26,1.0442477876106195,3.230400099713324,0.01934232330439324
A,3,A3,435,i,1,FALSE,FALSE,NA,tweed,27,control,NA,NA,NA,174.02,142,3.063380281690141,27,1.0442477876106195,2.0191324940795212,0.01160287607217286
A,4,A4,713,i,1,FALSE,FALSE,NA,blue,28,control,NA,NA,NA,198.336,152,4.690789473684211,28,1.0442477876106195,3.646541686073591,0.018385677265214537
B,1,B1,435,i,1,FALSE,FALSE,NA,tweed,29,selected,NA,NA,NA,120.558,135,3.2222222222222223,29,1.0442477876106195,2.1779744346116026,0.01806578107310674
B,2,B2,477,i,1,FALSE,FALSE,NA,blue,30,selected,NA,NA,NA,163.224,135,3.533333333333333,30,1.0442477876106195,2.4890855457227135,0.015249507092846112
B,3,B3,342,i,1,FALSE,FALSE,NA,tweed,31,control,NA,NA,NA,149.261,133,2.5714285714285716,31,1.0442477876106195,1.527180783817952,0.010231612972028542
B,4,B4,416,i,1,FALSE,FALSE,NA,blue,32,control,NA,NA,NA,155.675,144,2.888888888888889,32,1.0442477876106195,1.8446411012782693,0.011849308503473707
C,1,C1,676,i,1,FALSE,FALSE,NA,tweed,33,selected,NA,NA,NA,203.482,145,4.662068965517242,33,1.0442477876106195,3.617821177906622,0.01777956368576396
C,2,C2,531,i,1,FALSE,FALSE,NA,blue,34,selected,NA,NA,NA,127.102,139,3.820143884892086,34,1.0442477876106195,2.775896097281467,0.02183990887068234
C,4,C4,312,i,1,FALSE,FALSE,NA,blue,36,control,NA,NA,NA,99.244,125,2.496,36,1.0442477876106195,1.4517522123893805,0.014628110640334735
A,1,A1,812,i,1.5,FALSE,FALSE,NA,tweed,25,selected,NA,NA,NA,237.964,174,4.666666666666667,25,1.0707964601769913,3.5958702064896757,0.015110984041660402
A,2,A2,739,i,1.5,FALSE,FALSE,NA,blue,26,selected,NA,NA,NA,167.012,142,5.204225352112676,26,1.0707964601769913,4.133428891935685,0.024749292816897497
A,3,A3,598,i,1.5,FALSE,FALSE,NA,tweed,27,control,NA,NA,NA,174.02,142,4.211267605633803,27,1.0707964601769913,3.1404711454568117,0.018046610420967772
A,4,A4,982,i,1.5,FALSE,FALSE,NA,blue,28,control,NA,NA,NA,198.336,152,6.4605263157894735,28,1.0707964601769913,5.389729855612482,0.02717474314099549
B,1,B1,552,i,1.5,FALSE,FALSE,NA,tweed,29,selected,NA,NA,NA,120.558,135,4.088888888888889,29,1.0707964601769913,3.0180924287118973,0.02503436046311234
B,2,B2,627,i,1.5,FALSE,FALSE,NA,blue,30,selected,NA,NA,NA,163.224,135,4.644444444444445,30,1.0707964601769913,3.5736479842674536,0.02189413311931734
B,3,B3,424,i,1.5,FALSE,FALSE,NA,tweed,31,control,NA,NA,NA,149.261,133,3.18796992481203,31,1.0707964601769913,2.1171734646350386,0.014184371434165916
B,4,B4,547,i,1.5,FALSE,FALSE,NA,blue,32,control,NA,NA,NA,155.675,144,3.798611111111111,32,1.0707964601769913,2.72781465093412,0.01752249655329449
C,1,C1,854,i,1.5,FALSE,FALSE,NA,tweed,33,selected,NA,NA,NA,203.482,145,5.889655172413793,33,1.0707964601769913,4.818858712236802,0.02368199011331126
C,2,C2,743,i,1.5,FALSE,FALSE,NA,blue,34,selected,NA,NA,NA,127.102,139,5.345323741007194,34,1.0707964601769913,4.274527280830203,0.03363068465350823
C,4,C4,409,i,1.5,FALSE,FALSE,NA,blue,36,control,NA,NA,NA,99.244,125,3.272,36,1.0707964601769913,2.2012035398230085,0.022179714036344854
A,1,A1,953,i,2,FALSE,FALSE,NA,tweed,25,selected,NA,NA,NA,237.964,174,5.477011494252873,25,1.0973451327433628,4.379666361509511,0.01840474341290914
A,2,A2,940,i,2,FALSE,FALSE,NA,blue,26,selected,NA,NA,NA,167.012,142,6.619718309859155,26,1.0973451327433628,5.522373177115792,0.03306572687660642
A,3,A3,709,i,2,FALSE,FALSE,NA,tweed,27,control,NA,NA,NA,174.02,142,4.992957746478873,27,1.0973451327433628,3.8956126137355103,0.022386005135820654
A,4,A4,1254,i,2,FALSE,FALSE,NA,blue,28,control,NA,NA,NA,198.336,152,8.25,28,1.0973451327433628,7.152654867256637,0.03606332116840431
B,1,B1,672,i,2,FALSE,FALSE,NA,tweed,29,selected,NA,NA,NA,120.558,135,4.977777777777778,29,1.0973451327433628,3.880432645034415,0.03218726791282549
B,2,B2,805,i,2,FALSE,FALSE,NA,blue,30,selected,NA,NA,NA,163.224,135,5.962962962962963,30,1.0973451327433628,4.8656178302196,0.029809451001198355
B,3,B3,510,i,2,FALSE,FALSE,NA,tweed,31,control,NA,NA,NA,149.261,133,3.8345864661654137,31,1.0973451327433628,2.737241333422051,0.01833862384294659
B,4,B4,638,i,2,FALSE,FALSE,NA,blue,32,control,NA,NA,NA,155.675,144,4.430555555555555,32,1.0973451327433628,3.3332104228121926,0.021411340438812862
C,1,C1,1013,i,2,FALSE,FALSE,NA,tweed,33,selected,NA,NA,NA,203.482,145,6.9862068965517246,33,1.0973451327433628,5.888861763808362,0.02894045548897869
C,2,C2,852,i,2,FALSE,FALSE,NA,blue,34,selected,NA,NA,NA,127.102,139,6.129496402877698,34,1.0973451327433628,5.032151270134335,0.03959144049766593
C,4,C4,453,i,2,FALSE,FALSE,NA,blue,36,control,NA,NA,NA,99.244,125,3.624,36,1.0973451327433628,2.5266548672566373,0.025459018855111013
A,1,A1,1064,i,2.5,FALSE,FALSE,NA,tweed,25,selected,NA,NA,NA,237.964,174,6.114942528735632,25,1.1327433628318584,4.982199165903774,0.020936776848194574
A,2,A2,1051,i,2.5,FALSE,FALSE,NA,blue,26,selected,NA,NA,NA,167.012,142,7.401408450704225,26,1.1327433628318584,6.268665087872367,0.037534219624172915
A,3,A3,782,i,2.5,FALSE,FALSE,NA,tweed,27,control,NA,NA,NA,174.02,142,5.507042253521127,27,1.1327433628318584,4.374298890689269,0.02513675951436196
A,4,A4,1523,i,2.5,FALSE,FALSE,NA,blue,28,control,NA,NA,NA,198.336,152,10.019736842105264,28,1.1327433628318584,8.886993479273405,0.04480776802634622
B,1,B1,739,i,2.5,FALSE,FALSE,NA,tweed,29,selected,NA,NA,NA,120.558,135,5.474074074074074,29,1.1327433628318584,4.3413307112422155,0.03601030799484244
B,2,B2,879,i,2.5,FALSE,FALSE,NA,blue,30,selected,NA,NA,NA,163.224,135,6.511111111111111,30,1.1327433628318584,5.378367748279253,0.032950839020482604
B,3,B3,562,i,2.5,FALSE,FALSE,NA,tweed,31,control,NA,NA,NA,149.261,133,4.225563909774436,31,1.1327433628318584,3.092820546942578,0.020720888557242537
B,4,B4,705,i,2.5,FALSE,FALSE,NA,blue,32,control,NA,NA,NA,155.675,144,4.895833333333333,32,1.1327433628318584,3.7630899705014746,0.02417273146299325
C,1,C1,1133,i,2.5,FALSE,FALSE,NA,tweed,33,selected,NA,NA,NA,203.482,145,7.813793103448276,33,1.1327433628318584,6.681049740616418,0.03283361545795902
C,2,C2,981,i,2.5,FALSE,FALSE,NA,blue,34,selected,NA,NA,NA,127.102,139,7.057553956834532,34,1.1327433628318584,5.924810594002674,0.046614613412870556
C,4,C4,512,i,2.5,FALSE,FALSE,NA,blue,36,control,NA,NA,NA,99.244,125,4.096,36,1.1327433628318584,2.9632566371681417,0.029858295082505155
A,1,A1,1155,i,3,FALSE,FALSE,NA,tweed,25,selected,NA,NA,NA,237.964,174,6.637931034482759,25,1.1592920353982301,5.478638999084529,0.023022974059456594
A,2,A2,1142,i,3,FALSE,FALSE,NA,blue,26,selected,NA,NA,NA,167.012,142,8.04225352112676,26,1.1592920353982301,6.88296148572853,0.04121237686949758
A,3,A3,850,i,3,FALSE,FALSE,NA,tweed,27,control,NA,NA,NA,174.02,142,5.985915492957746,27,1.1592920353982301,4.826623457559516,0.02773602722422432
A,4,A4,1796,i,3,FALSE,FALSE,NA,blue,28,control,NA,NA,NA,198.336,152,11.81578947368421,28,1.1592920353982301,10.65649743828598,0.05372951677096432
B,1,B1,795,i,3,FALSE,FALSE,NA,tweed,29,selected,NA,NA,NA,120.558,135,5.888888888888889,29,1.1592920353982301,4.729596853490659,0.03923088350412796
B,2,B2,969,i,3,FALSE,FALSE,NA,blue,30,selected,NA,NA,NA,163.224,135,7.177777777777778,30,1.1592920353982301,6.018485742379548,0.036872553928218574
B,3,B3,598,i,3,FALSE,FALSE,NA,tweed,31,control,NA,NA,NA,149.261,133,4.496240601503759,31,1.1592920353982301,3.336948566105529,0.02235646663298202
B,4,B4,748,i,3,FALSE,FALSE,NA,blue,32,control,NA,NA,NA,155.675,144,5.194444444444445,32,1.1592920353982301,4.035152409046215,0.025920362351348737
C,1,C1,1245,i,3,FALSE,FALSE,NA,tweed,33,selected,NA,NA,NA,203.482,145,8.586206896551724,33,1.1592920353982301,7.426914861153494,0.03649912454739729
C,2,C2,1079,i,3,FALSE,FALSE,NA,blue,34,selected,NA,NA,NA,127.102,139,7.762589928057554,34,1.1592920353982301,6.603297892659324,0.051952745768432625
C,4,C4,551,i,3,FALSE,FALSE,NA,blue,36,control,NA,NA,NA,99.244,125,4.408,36,1.1592920353982301,3.2487079646017705,0.03273455286568226
A,1,A1,1214,i,3.5,FALSE,FALSE,NA,tweed,25,selected,NA,NA,NA,237.964,174,6.977011494252873,25,1.168141592920354,5.808869901332519,0.024410708768269652
A,2,A2,1202,i,3.5,FALSE,FALSE,NA,blue,26,selected,NA,NA,NA,167.012,142,8.464788732394366,26,1.168141592920354,7.296647139474012,0.04368935848606095
A,3,A3,904,i,3.5,FALSE,FALSE,NA,tweed,27,control,NA,NA,NA,174.02,142,6.366197183098592,27,1.168141592920354,5.198055590178238,0.02987044931719479
A,4,A4,2070,i,3.5,FALSE,FALSE,NA,blue,28,control,NA,NA,NA,198.336,152,13.618421052631579,28,1.168141592920354,12.450279459711226,0.06277367426846979
B,1,B1,858,i,3.5,FALSE,FALSE,NA,tweed,29,selected,NA,NA,NA,120.558,135,6.355555555555555,29,1.168141592920354,5.187413962635201,0.04302836777845685
B,2,B2,1048,i,3.5,FALSE,FALSE,NA,blue,30,selected,NA,NA,NA,163.224,135,7.762962962962963,30,1.168141592920354,6.594821370042609,0.040403502977764356
B,3,B3,633,i,3.5,FALSE,FALSE,NA,tweed,31,control,NA,NA,NA,149.261,133,4.7593984962406015,31,1.168141592920354,3.5912569033202475,0.02406024951809413
B,4,B4,775,i,3.5,FALSE,FALSE,NA,blue,32,control,NA,NA,NA,155.675,144,5.381944444444445,32,1.168141592920354,4.213802851524091,0.027067948299496325
C,1,C1,1320,i,3.5,FALSE,FALSE,NA,tweed,33,selected,NA,NA,NA,203.482,145,9.10344827586207,33,1.168141592920354,7.935306682941715,0.03899758545198944
C,2,C2,1154,i,3.5,FALSE,FALSE,NA,blue,34,selected,NA,NA,NA,127.102,139,8.302158273381295,34,1.168141592920354,7.134016680460941,0.05612828028245771
C,4,C4,581,i,3.5,FALSE,FALSE,NA,blue,36,control,NA,NA,NA,99.244,125,4.648,36,1.168141592920354,3.4798584070796457,0.0350636653810774
A,1,A1,1269,i,4,FALSE,FALSE,NA,tweed,25,selected,NA,NA,NA,237.964,174,7.293103448275862,25,1.176991150442478,6.116112297833384,0.025701838504283776
A,2,A2,1294,i,4,FALSE,FALSE,NA,blue,26,selected,NA,NA,NA,167.012,142,9.112676056338028,26,1.176991150442478,7.93568490589555,0.047515656994081563
A,3,A3,942,i,4,FALSE,FALSE,NA,tweed,27,control,NA,NA,NA,174.02,142,6.633802816901408,27,1.176991150442478,5.45681166645893,0.031357382292029244
A,4,A4,2342,i,4,FALSE,FALSE,NA,blue,28,control,NA,NA,NA,198.336,152,15.407894736842104,28,1.176991150442478,14.230903586399627,0.07175149033155669
B,1,B1,895,i,4,FALSE,FALSE,NA,tweed,29,selected,NA,NA,NA,120.558,135,6.62962962962963,29,1.176991150442478,5.452638479187152,0.04522834220198702
B,2,B2,1106,i,4,FALSE,FALSE,NA,blue,30,selected,NA,NA,NA,163.224,135,8.192592592592593,30,1.176991150442478,7.015601442150115,0.042981433135752804
B,3,B3,657,i,4,FALSE,FALSE,NA,tweed,31,control,NA,NA,NA,149.261,133,4.93984962406015,31,1.176991150442478,3.762858473617672,0.02520992404993717
B,4,B4,809,i,4,FALSE,FALSE,NA,blue,32,control,NA,NA,NA,155.675,144,5.618055555555555,32,1.176991150442478,4.441064405113077,0.028527794476396834
C,1,C1,1380,i,4,FALSE,FALSE,NA,tweed,33,selected,NA,NA,NA,203.482,145,9.517241379310345,33,1.176991150442478,8.340250228867868,0.04098765605246591
C,2,C2,1217,i,4,FALSE,FALSE,NA,blue,34,selected,NA,NA,NA,127.102,139,8.755395683453237,34,1.176991150442478,7.578404533010759,0.0596245891725603
C,4,C4,604,i,4,FALSE,FALSE,NA,blue,36,control,NA,NA,NA,99.244,125,4.832,36,1.176991150442478,3.6550088495575217,0.036828512046647874
A,1,A1,132,j,0,FALSE,FALSE,NA,tweed,37,selected,NA,NA,NA,161.375,132,1,37,1,0,0
A,2,A2,140,j,0,FALSE,FALSE,NA,blue,38,selected,NA,NA,NA,182.952,140,1,38,1,0,0
A,3,A3,130,j,0,FALSE,FALSE,NA,tweed,39,control,NA,NA,NA,141.596,130,1,39,1,0,0
A,4,A4,127,j,0,FALSE,FALSE,NA,blue,40,control,NA,NA,NA,106.443,127,1,40,1,0,0
B,1,B1,132,j,0,FALSE,FALSE,NA,tweed,41,selected,NA,NA,NA,143.817,132,1,41,1,0,0
B,2,B2,123,j,0,FALSE,FALSE,NA,blue,42,selected,NA,NA,NA,111.951,123,1,42,1,0,0
B,3,B3,131,j,0,FALSE,FALSE,NA,tweed,43,control,NA,NA,NA,148.475,131,1,43,1,0,0
B,4,B4,152,j,0,FALSE,FALSE,NA,blue,44,control,NA,NA,NA,234.262,152,1,44,1,0,0
C,1,C1,132,j,0,FALSE,FALSE,NA,tweed,45,selected,NA,NA,NA,154.19,132,1,45,1,0,0
C,2,C2,126,j,0,FALSE,FALSE,NA,blue,46,selected,NA,NA,NA,120.231,126,1,46,1,0,0
C,3,C3,135,j,0,FALSE,FALSE,NA,tweed,47,control,NA,NA,NA,143.45,135,1,47,1,0,0
A,1,A1,361,j,0.5,FALSE,FALSE,NA,tweed,37,selected,NA,NA,NA,161.375,132,2.734848484848485,37,1.0267857142857142,1.7080627705627707,0.010584432350505163
A,2,A2,391,j,0.5,FALSE,FALSE,NA,blue,38,selected,NA,NA,NA,182.952,140,2.7928571428571427,38,1.0267857142857142,1.7660714285714285,0.009653195529818906
A,3,A3,242,j,0.5,FALSE,FALSE,NA,tweed,39,control,NA,NA,NA,141.596,130,1.8615384615384616,39,1.0267857142857142,0.8347527472527474,0.005895313054413594
A,4,A4,260,j,0.5,FALSE,FALSE,NA,blue,40,control,NA,NA,NA,106.443,127,2.047244094488189,40,1.0267857142857142,1.0204583802024747,0.009586899845010707
B,1,B1,282,j,0.5,FALSE,FALSE,NA,tweed,41,selected,NA,NA,NA,143.817,132,2.1363636363636362,41,1.0267857142857142,1.109577922077922,0.00771520697885453
B,2,B2,215,j,0.5,FALSE,FALSE,NA,blue,42,selected,NA,NA,NA,111.951,123,1.7479674796747968,42,1.0267857142857142,0.7211817653890826,0.006441941254558536
B,3,B3,278,j,0.5,FALSE,FALSE,NA,tweed,43,control,NA,NA,NA,148.475,131,2.122137404580153,43,1.0267857142857142,1.0953516902944387,0.0073773476362649516
B,4,B4,345,j,0.5,FALSE,FALSE,NA,blue,44,control,NA,NA,NA,234.262,152,2.2697368421052633,44,1.0267857142857142,1.242951127819549,0.005305816256241085
C,1,C1,274,j,0.5,FALSE,FALSE,NA,tweed,45,selected,NA,NA,NA,154.19,132,2.0757575757575757,45,1.0267857142857142,1.0489718614718615,0.006803112143925426
C,2,C2,256,j,0.5,FALSE,FALSE,NA,blue,46,selected,NA,NA,NA,120.231,126,2.0317460317460316,46,1.0267857142857142,1.0049603174603174,0.00835857904750287
C,3,C3,275,j,0.5,FALSE,FALSE,NA,tweed,47,control,NA,NA,NA,143.45,135,2.037037037037037,47,1.0267857142857142,1.010251322751323,0.007042532748353594
A,1,A1,535,j,1,FALSE,FALSE,NA,tweed,37,selected,NA,NA,NA,161.375,132,4.053030303030303,37,1.0535714285714286,2.999458874458874,0.018586886906019357
A,2,A2,667,j,1,FALSE,FALSE,NA,blue,38,selected,NA,NA,NA,182.952,140,4.764285714285714,38,1.0535714285714286,3.7107142857142854,0.020282447230499177
A,3,A3,404,j,1,FALSE,FALSE,NA,tweed,39,control,NA,NA,NA,141.596,130,3.1076923076923078,39,1.0535714285714286,2.0541208791208794,0.014506913183429471
A,4,A4,404,j,1,FALSE,FALSE,NA,blue,40,control,NA,NA,NA,106.443,127,3.1811023622047245,40,1.0535714285714286,2.127530933633296,0.019987513820855257
B,1,B1,502,j,1,FALSE,FALSE,NA,tweed,41,selected,NA,NA,NA,143.817,132,3.803030303030303,41,1.0535714285714286,2.749458874458875,0.01911775989249445
B,2,B2,341,j,1,FALSE,FALSE,NA,blue,42,selected,NA,NA,NA,111.951,123,2.772357723577236,42,1.0535714285714286,1.7187862950058073,0.015353023153038449
B,3,B3,417,j,1,FALSE,FALSE,NA,tweed,43,control,NA,NA,NA,148.475,131,3.183206106870229,43,1.0535714285714286,2.1296346782988005,0.014343388976587308
B,4,B4,541,j,1,FALSE,FALSE,NA,blue,44,control,NA,NA,NA,234.262,152,3.5592105263157894,44,1.0535714285714286,2.5056390977443606,0.010695883659084105
C,1,C1,451,j,1,FALSE,FALSE,NA,tweed,45,selected,NA,NA,NA,154.19,132,3.4166666666666665,45,1.0535714285714286,2.363095238095238,0.0153258657376953
C,2,C2,376,j,1,FALSE,FALSE,NA,blue,46,selected,NA,NA,NA,120.231,126,2.984126984126984,46,1.0535714285714286,1.9305555555555556,0.016057053135676787
C,3,C3,388,j,1,FALSE,FALSE,NA,tweed,47,control,NA,NA,NA,143.45,135,2.8740740740740742,47,1.0535714285714286,1.8205026455026456,0.012690851484856366
A,1,A1,623,j,1.5,FALSE,FALSE,NA,tweed,37,selected,NA,NA,NA,161.375,132,4.71969696969697,37,1.0803571428571428,3.639339826839827,0.022552067091184055
A,2,A2,808,j,1.5,FALSE,FALSE,NA,blue,38,selected,NA,NA,NA,182.952,140,5.771428571428571,38,1.0803571428571428,4.691071428571428,0.025640995608528075
A,3,A3,484,j,1.5,FALSE,FALSE,NA,tweed,39,control,NA,NA,NA,141.596,130,3.723076923076923,39,1.0803571428571428,2.6427197802197804,0.018663802510097603
A,4,A4,510,j,1.5,FALSE,FALSE,NA,blue,40,control,NA,NA,NA,106.443,127,4.015748031496063,40,1.0803571428571428,2.93539088863892,0.027577115344728353
B,1,B1,611,j,1.5,FALSE,FALSE,NA,tweed,41,selected,NA,NA,NA,143.817,132,4.628787878787879,41,1.0803571428571428,3.548430735930736,0.02467323568097468
B,2,B2,438,j,1.5,FALSE,FALSE,NA,blue,42,selected,NA,NA,NA,111.951,123,3.5609756097560976,42,1.0803571428571428,2.480618466898955,0.022158073325820715
B,3,B3,506,j,1.5,FALSE,FALSE,NA,tweed,43,control,NA,NA,NA,148.475,131,3.8625954198473282,43,1.0803571428571428,2.7822382769901854,0.018738765967268468
B,4,B4,687,j,1.5,FALSE,FALSE,NA,blue,44,control,NA,NA,NA,234.262,152,4.519736842105263,44,1.0803571428571428,3.43937969924812,0.014681765285228163
C,1,C1,560,j,1.5,FALSE,FALSE,NA,tweed,45,selected,NA,NA,NA,154.19,132,4.242424242424242,45,1.0803571428571428,3.1620670995670994,0.020507601657481674
C,2,C2,473,j,1.5,FALSE,FALSE,NA,blue,46,selected,NA,NA,NA,120.231,126,3.753968253968254,46,1.0803571428571428,2.673611111111111,0.02223728581739411
C,3,C3,476,j,1.5,FALSE,FALSE,NA,tweed,47,control,NA,NA,NA,143.45,135,3.525925925925926,47,1.0803571428571428,2.4455687830687833,0.01704823132149727
A,1,A1,784,j,2,FALSE,FALSE,NA,tweed,37,selected,NA,NA,NA,161.375,132,5.9393939393939394,37,1.125,4.8143939393939394,0.02983357979485013
A,2,A2,922,j,2,FALSE,FALSE,NA,blue,38,selected,NA,NA,NA,182.952,140,6.585714285714285,38,1.125,5.460714285714285,0.02984779770494056
A,3,A3,598,j,2,FALSE,FALSE,NA,tweed,39,control,NA,NA,NA,141.596,130,4.6,39,1.125,3.4749999999999996,0.02454165371903161
A,4,A4,588,j,2,FALSE,FALSE,NA,blue,40,control,NA,NA,NA,106.443,127,4.6299212598425195,40,1.125,3.5049212598425195,0.032927682044310284
B,1,B1,740,j,2,FALSE,FALSE,NA,tweed,41,selected,NA,NA,NA,143.817,132,5.606060606060606,41,1.125,4.481060606060606,0.031158073148936538
B,2,B2,503,j,2,FALSE,FALSE,NA,blue,42,selected,NA,NA,NA,111.951,123,4.0894308943089435,42,1.125,2.9644308943089435,0.026479717861465673
B,3,B3,605,j,2,FALSE,FALSE,NA,tweed,43,control,NA,NA,NA,148.475,131,4.6183206106870225,43,1.125,3.4933206106870225,0.023528005460091077
B,4,B4,801,j,2,FALSE,FALSE,NA,blue,44,control,NA,NA,NA,234.262,152,5.269736842105263,44,1.125,4.144736842105263,0.01769274078640694
C,1,C1,675,j,2,FALSE,FALSE,NA,tweed,45,selected,NA,NA,NA,154.19,132,5.113636363636363,45,1.125,3.9886363636363633,0.02586832066694574
C,2,C2,549,j,2,FALSE,FALSE,NA,blue,46,selected,NA,NA,NA,120.231,126,4.357142857142857,46,1.125,3.2321428571428568,0.026882774468671614
C,3,C3,537,j,2,FALSE,FALSE,NA,tweed,47,control,NA,NA,NA,143.45,135,3.977777777777778,47,1.125,2.852777777777778,0.0198869137523721
A,1,A1,875,j,2.5,FALSE,FALSE,NA,tweed,37,selected,NA,NA,NA,161.375,132,6.628787878787879,37,1.1428571428571428,5.4859307359307365,0.033994923228075825
A,2,A2,1040,j,2.5,FALSE,FALSE,NA,blue,38,selected,NA,NA,NA,182.952,140,7.428571428571429,38,1.1428571428571428,6.2857142857142865,0.03435717721432008
A,3,A3,653,j,2.5,FALSE,FALSE,NA,tweed,39,control,NA,NA,NA,141.596,130,5.023076923076923,39,1.1428571428571428,3.88021978021978,0.02740345617263044
A,4,A4,640,j,2.5,FALSE,FALSE,NA,blue,40,control,NA,NA,NA,106.443,127,5.039370078740157,40,1.1428571428571428,3.8965129358830146,0.036606568171537957
B,1,B1,820,j,2.5,FALSE,FALSE,NA,tweed,41,selected,NA,NA,NA,143.817,132,6.212121212121212,41,1.1428571428571428,5.069264069264069,0.0352480170582342
B,2,B2,551,j,2.5,FALSE,FALSE,NA,blue,42,selected,NA,NA,NA,111.951,123,4.479674796747967,42,1.1428571428571428,3.3368176538908245,0.029806054915908074
B,3,B3,657,j,2.5,FALSE,FALSE,NA,tweed,43,control,NA,NA,NA,148.475,131,5.015267175572519,43,1.1428571428571428,3.872410032715376,0.02608122601593114
B,4,B4,877,j,2.5,FALSE,FALSE,NA,blue,44,control,NA,NA,NA,234.262,152,5.769736842105263,44,1.1428571428571428,4.62687969924812,0.01975087593911142
C,1,C1,726,j,2.5,FALSE,FALSE,NA,tweed,45,selected,NA,NA,NA,154.19,132,5.5,45,1.1428571428571428,4.357142857142858,0.028258271334994863
C,2,C2,602,j,2.5,FALSE,FALSE,NA,blue,46,selected,NA,NA,NA,120.231,126,4.777777777777778,46,1.1428571428571428,3.634920634920635,0.030232807137266057
C,3,C3,589,j,2.5,FALSE,FALSE,NA,tweed,47,control,NA,NA,NA,143.45,135,4.362962962962963,47,1.1428571428571428,3.2201058201058204,0.02244758327016954
A,1,A1,965,j,3,FALSE,FALSE,NA,tweed,37,selected,NA,NA,NA,161.375,132,7.3106060606060606,37,1.1607142857142858,6.149891774891775,0.0381093216104835
A,2,A2,1131,j,3,FALSE,FALSE,NA,blue,38,selected,NA,NA,NA,182.952,140,8.07857142857143,38,1.1607142857142858,6.917857142857144,0.03781241605916931
A,3,A3,705,j,3,FALSE,FALSE,NA,tweed,39,control,NA,NA,NA,141.596,130,5.423076923076923,39,1.1607142857142858,4.262362637362638,0.03010228140175314
A,4,A4,701,j,3,FALSE,FALSE,NA,blue,40,control,NA,NA,NA,106.443,127,5.519685039370079,40,1.1607142857142858,4.358970753655793,0.0409512204058115
B,1,B1,921,j,3,FALSE,FALSE,NA,tweed,41,selected,NA,NA,NA,143.817,132,6.9772727272727275,41,1.1607142857142858,5.816558441558442,0.0404441647479675
B,2,B2,613,j,3,FALSE,FALSE,NA,blue,42,selected,NA,NA,NA,111.951,123,4.983739837398374,42,1.1607142857142858,3.823025551684088,0.034149096941376925
B,3,B3,726,j,3,FALSE,FALSE,NA,tweed,43,control,NA,NA,NA,148.475,131,5.541984732824427,43,1.1607142857142858,4.381270447110142,0.029508472450649213
B,4,B4,952,j,3,FALSE,FALSE,NA,blue,44,control,NA,NA,NA,234.262,152,6.2631578947368425,44,1.1607142857142858,5.102443609022557,0.021780927376281928
C,1,C1,793,j,3,FALSE,FALSE,NA,tweed,45,selected,NA,NA,NA,154.19,132,6.007575757575758,45,1.1607142857142858,4.846861471861472,0.031434343808687155
C,2,C2,644,j,3,FALSE,FALSE,NA,blue,46,selected,NA,NA,NA,120.231,126,5.111111111111111,46,1.1607142857142858,3.950396825396825,0.032856724350598644
C,3,C3,627,j,3,FALSE,FALSE,NA,tweed,47,control,NA,NA,NA,143.45,135,4.644444444444445,47,1.1607142857142858,3.4837301587301592,0.024285327004044333
A,1,A1,1056,j,3.5,FALSE,FALSE,NA,tweed,37,selected,NA,NA,NA,161.375,132,8,37,1.1607142857142858,6.839285714285714,0.042381321234923094
A,2,A2,1194,j,3.5,FALSE,FALSE,NA,blue,38,selected,NA,NA,NA,182.952,140,8.528571428571428,38,1.1607142857142858,7.367857142857143,0.04027207760973995
A,3,A3,746,j,3.5,FALSE,FALSE,NA,tweed,39,control,NA,NA,NA,141.596,130,5.7384615384615385,39,1.1607142857142858,4.577747252747253,0.03232963680292701
A,4,A4,747,j,3.5,FALSE,FALSE,NA,blue,40,control,NA,NA,NA,106.443,127,5.881889763779528,40,1.1607142857142858,4.721175478065242,0.044354024952934834
B,1,B1,1009,j,3.5,FALSE,FALSE,NA,tweed,41,selected,NA,NA,NA,143.817,132,7.643939393939394,41,1.1607142857142858,6.483225108225108,0.0450796853516977
B,2,B2,658,j,3.5,FALSE,FALSE,NA,blue,42,selected,NA,NA,NA,111.951,123,5.349593495934959,42,1.1607142857142858,4.188879210220674,0.03741707720539052
B,3,B3,760,j,3.5,FALSE,FALSE,NA,tweed,43,control,NA,NA,NA,148.475,131,5.801526717557252,43,1.1607142857142858,4.640812431842966,0.03125652420840523
B,4,B4,1002,j,3.5,FALSE,FALSE,NA,blue,44,control,NA,NA,NA,234.262,152,6.592105263157895,44,1.1607142857142858,5.431390977443609,0.02318511315298089
C,1,C1,844,j,3.5,FALSE,FALSE,NA,tweed,45,selected,NA,NA,NA,154.19,132,6.393939393939394,45,1.1607142857142858,5.233225108225108,0.033940107064174774
C,2,C2,685,j,3.5,FALSE,FALSE,NA,blue,46,selected,NA,NA,NA,120.231,126,5.436507936507937,46,1.1607142857142858,4.275793650793651,0.03556315468384735
C,3,C3,656,j,3.5,FALSE,FALSE,NA,tweed,47,control,NA,NA,NA,143.45,135,4.859259259259259,47,1.1607142857142858,3.6985449735449736,0.0257828161278841
A,1,A1,1124,j,4,FALSE,FALSE,NA,tweed,37,selected,NA,NA,NA,161.375,132,8.515151515151516,37,1.1785714285714286,7.336580086580087,0.045462928499334386
A,2,A2,1265,j,4,FALSE,FALSE,NA,blue,38,selected,NA,NA,NA,182.952,140,9.035714285714286,38,1.1785714285714286,7.857142857142858,0.04294647151790009
A,3,A3,801,j,4,FALSE,FALSE,NA,tweed,39,control,NA,NA,NA,141.596,130,6.161538461538462,39,1.1785714285714286,4.982967032967033,0.03519143925652584
A,4,A4,790,j,4,FALSE,FALSE,NA,blue,40,control,NA,NA,NA,106.443,127,6.2204724409448815,40,1.1785714285714286,5.041901012373453,0.04736714497311662
B,1,B1,1197,j,4,FALSE,FALSE,NA,tweed,41,selected,NA,NA,NA,143.817,132,9.068181818181818,41,1.1785714285714286,7.8896103896103895,0.05485867727466426
B,2,B2,680,j,4,FALSE,FALSE,NA,blue,42,selected,NA,NA,NA,111.951,123,5.528455284552845,42,1.1785714285714286,4.349883855981417,0.03885524788506951
B,3,B3,793,j,4,FALSE,FALSE,NA,tweed,43,control,NA,NA,NA,148.475,131,6.0534351145038165,43,1.1785714285714286,4.874863685932388,0.03283289231138163
B,4,B4,1055,j,4,FALSE,FALSE,NA,blue,44,control,NA,NA,NA,234.262,152,6.940789473684211,44,1.1785714285714286,5.762218045112782,0.024597322848403845
C,1,C1,890,j,4,FALSE,FALSE,NA,tweed,45,selected,NA,NA,NA,154.19,132,6.742424242424242,45,1.1785714285714286,5.563852813852813,0.036084394667960394
C,2,C2,721,j,4,FALSE,FALSE,NA,blue,46,selected,NA,NA,NA,120.231,126,5.722222222222222,46,1.1785714285714286,4.5436507936507935,0.03779100892158257
C,3,C3,685,j,4,FALSE,FALSE,NA,tweed,47,control,NA,NA,NA,143.45,135,5.074074074074074,47,1.1785714285714286,3.8955026455026456,0.027155821857808616
A,1,A1,163,k,0,FALSE,FALSE,NA,tweed,49,selected,NA,NA,NA,190.345,163,1,49,1,0,0
A,2,A2,140,k,0,FALSE,FALSE,NA,blue,50,selected,NA,NA,NA,150.627,140,1,50,1,0,0
A,3,A3,146,k,0,FALSE,FALSE,NA,tweed,51,control,NA,NA,NA,175.426,146,1,51,1,0,0
A,4,A4,130,k,0,FALSE,FALSE,NA,blue,52,control,NA,NA,NA,136.641,130,1,52,1,0,0
B,1,B1,142,k,0,FALSE,FALSE,NA,tweed,53,selected,NA,NA,NA,158.146,142,1,53,1,0,0
B,2,B2,153,k,0,FALSE,FALSE,NA,blue,54,selected,NA,NA,NA,156.925,153,1,54,1,0,0
B,3,B3,128,k,0,FALSE,FALSE,NA,tweed,55,control,NA,NA,NA,112.167,128,1,55,1,0,0
B,4,B4,128,k,0,FALSE,FALSE,NA,blue,56,control,NA,NA,NA,101.239,128,1,56,1,0,0
C,2,C2,168,k,0,FALSE,FALSE,NA,blue,58,selected,NA,NA,NA,191.154,168,1,58,1,0,0
C,3,C3,157,k,0,FALSE,FALSE,NA,tweed,59,control,NA,NA,NA,180.811,157,1,59,1,0,0
C,4,C4,114,k,0,FALSE,FALSE,NA,blue,60,control,NA,NA,NA,136.78,114,1,60,1,0,0
A,1,A1,480,k,0.5,FALSE,FALSE,NA,tweed,49,selected,NA,NA,NA,190.345,163,2.9447852760736195,49,1.045045045045045,1.8997402310285745,0.009980510289361814
A,2,A2,323,k,0.5,FALSE,FALSE,NA,blue,50,selected,NA,NA,NA,150.627,140,2.307142857142857,50,1.045045045045045,1.262097812097812,0.008378961355519342
A,3,A3,271,k,0.5,FALSE,FALSE,NA,tweed,51,control,NA,NA,NA,175.426,146,1.856164383561644,51,1.045045045045045,0.8111193385165989,0.004623712212081441
A,4,A4,255,k,0.5,FALSE,FALSE,NA,blue,52,control,NA,NA,NA,136.641,130,1.9615384615384615,52,1.045045045045045,0.9164934164934164,0.006707309054335203
B,1,B1,376,k,0.5,FALSE,FALSE,NA,tweed,53,selected,NA,NA,NA,158.146,142,2.647887323943662,53,1.045045045045045,1.602842278898617,0.010135205941968923
B,2,B2,266,k,0.5,FALSE,FALSE,NA,blue,54,selected,NA,NA,NA,156.925,153,1.738562091503268,54,1.045045045045045,0.693517046458223,0.0044194172149639825
B,3,B3,199,k,0.5,FALSE,FALSE,NA,tweed,55,control,NA,NA,NA,112.167,128,1.5546875,55,1.045045045045045,0.509642454954955,0.00454360422365718
B,4,B4,222,k,0.5,FALSE,FALSE,NA,blue,56,control,NA,NA,NA,101.239,128,1.734375,56,1.045045045045045,0.689329954954955,0.006808936822320992
C,2,C2,344,k,0.5,FALSE,FALSE,NA,blue,58,selected,NA,NA,NA,191.154,168,2.0476190476190474,58,1.045045045045045,1.0025740025740024,0.005244849715799839
C,3,C3,343,k,0.5,FALSE,FALSE,NA,tweed,59,control,NA,NA,NA,180.811,157,2.1847133757961785,59,1.045045045045045,1.1396683307511335,0.006303091796135929
C,4,C4,254,k,0.5,FALSE,FALSE,NA,blue,60,control,NA,NA,NA,136.78,114,2.2280701754385963,60,1.045045045045045,1.1830251303935513,0.008649109010042047
A,1,A1,713,k,1,FALSE,FALSE,NA,tweed,49,selected,NA,NA,NA,190.345,163,4.374233128834356,49,1.072072072072072,3.3021610567622837,0.017348294185622337
A,2,A2,467,k,1,FALSE,FALSE,NA,blue,50,selected,NA,NA,NA,150.627,140,3.335714285714286,50,1.072072072072072,2.263642213642214,0.015028130505435373
A,3,A3,431,k,1,FALSE,FALSE,NA,tweed,51,control,NA,NA,NA,175.426,146,2.952054794520548,51,1.072072072072072,1.879982722448476,0.010716670974932315
A,4,A4,383,k,1,FALSE,FALSE,NA,blue,52,control,NA,NA,NA,136.641,130,2.9461538461538463,52,1.072072072072072,1.8740817740817743,0.01371536928214646
B,1,B1,584,k,1,FALSE,FALSE,NA,tweed,53,selected,NA,NA,NA,158.146,142,4.112676056338028,53,1.072072072072072,3.040603984265956,0.0192265626969127
B,2,B2,390,k,1,FALSE,FALSE,NA,blue,54,selected,NA,NA,NA,156.925,153,2.549019607843137,54,1.072072072072072,1.476947535771065,0.009411805230339748
B,3,B3,325,k,1,FALSE,FALSE,NA,tweed,55,control,NA,NA,NA,112.167,128,2.5390625,55,1.072072072072072,1.466990427927928,0.013078627652767107
B,4,B4,322,k,1,FALSE,FALSE,NA,blue,56,control,NA,NA,NA,101.239,128,2.515625,56,1.072072072072072,1.443552927927928,0.01425886197935507
C,2,C2,530,k,1,FALSE,FALSE,NA,blue,58,selected,NA,NA,NA,191.154,168,3.1547619047619047,58,1.072072072072072,2.082689832689833,0.010895350516807564
C,3,C3,513,k,1,FALSE,FALSE,NA,tweed,59,control,NA,NA,NA,180.811,157,3.267515923566879,59,1.072072072072072,2.195443851494807,0.01214220291627615
C,4,C4,379,k,1,FALSE,FALSE,NA,blue,60,control,NA,NA,NA,136.78,114,3.324561403508772,60,1.072072072072072,2.2524893314367,0.016467972886655212
A,1,A1,957,k,1.5,FALSE,FALSE,NA,tweed,49,selected,NA,NA,NA,190.345,163,5.871165644171779,49,1.1081081081081081,4.7630575360636715,0.025023286853154386
A,2,A2,566,k,1.5,FALSE,FALSE,NA,blue,50,selected,NA,NA,NA,150.627,140,4.042857142857143,50,1.1081081081081081,2.934749034749035,0.01948355231631138
A,3,A3,566,k,1.5,FALSE,FALSE,NA,tweed,51,control,NA,NA,NA,175.426,146,3.8767123287671232,51,1.1081081081081081,2.7686042206590153,0.015782177218080645
A,4,A4,484,k,1.5,FALSE,FALSE,NA,blue,52,control,NA,NA,NA,136.641,130,3.723076923076923,52,1.1081081081081081,2.6149688149688153,0.019137512276467646
B,1,B1,758,k,1.5,FALSE,FALSE,NA,tweed,53,selected,NA,NA,NA,158.146,142,5.338028169014085,53,1.1081081081081081,4.229920060905977,0.02674693043710228
B,2,B2,478,k,1.5,FALSE,FALSE,NA,blue,54,selected,NA,NA,NA,156.925,153,3.1241830065359477,54,1.1081081081081081,2.0160748984278394,0.012847378674066205
B,3,B3,396,k,1.5,FALSE,FALSE,NA,tweed,55,control,NA,NA,NA,112.167,128,3.09375,55,1.1081081081081081,1.9856418918918919,0.017702549697254023
B,4,B4,391,k,1.5,FALSE,FALSE,NA,blue,56,control,NA,NA,NA,101.239,128,3.0546875,56,1.1081081081081081,1.9465793918918919,0.019227564396051836
C,2,C2,692,k,1.5,FALSE,FALSE,NA,blue,58,selected,NA,NA,NA,191.154,168,4.119047619047619,58,1.1081081081081081,3.0109395109395107,0.01575138114263636
C,3,C3,647,k,1.5,FALSE,FALSE,NA,tweed,59,control,NA,NA,NA,180.811,157,4.1210191082802545,59,1.1081081081081081,3.0129110001721466,0.016663316945164545
C,4,C4,488,k,1.5,FALSE,FALSE,NA,blue,60,control,NA,NA,NA,136.78,114,4.280701754385965,60,1.1081081081081081,3.172593646277857,0.023194865084645834
A,1,A1,1119,k,2,FALSE,FALSE,NA,tweed,49,selected,NA,NA,NA,190.345,163,6.865030674846626,49,1.135135135135135,5.729895539711491,0.030102684807646593
A,2,A2,684,k,2,FALSE,FALSE,NA,blue,50,selected,NA,NA,NA,150.627,140,4.885714285714286,50,1.135135135135135,3.750579150579151,0.024899779923779605
A,3,A3,680,k,2,FALSE,FALSE,NA,tweed,51,control,NA,NA,NA,175.426,146,4.657534246575342,51,1.135135135135135,3.5223991114402073,0.020079116615782197
A,4,A4,561,k,2,FALSE,FALSE,NA,blue,52,control,NA,NA,NA,136.641,130,4.315384615384615,52,1.135135135135135,3.18024948024948,0.023274489210774806
B,1,B1,888,k,2,FALSE,FALSE,NA,tweed,53,selected,NA,NA,NA,158.146,142,6.253521126760563,53,1.135135135135135,5.118385991625428,0.03236494120385864
B,2,B2,572,k,2,FALSE,FALSE,NA,blue,54,selected,NA,NA,NA,156.925,153,3.738562091503268,54,1.135135135135135,2.603426956368133,0.016590262586382874
B,3,B3,494,k,2,FALSE,FALSE,NA,tweed,55,control,NA,NA,NA,112.167,128,3.859375,55,1.135135135135135,2.724239864864865,0.024287356039341918
B,4,B4,461,k,2,FALSE,FALSE,NA,blue,56,control,NA,NA,NA,101.239,128,3.6015625,56,1.135135135135135,2.466427364864865,0.024362423224892234
C,2,C2,805,k,2,FALSE,FALSE,NA,blue,58,selected,NA,NA,NA,191.154,168,4.791666666666667,58,1.135135135135135,3.656531531531532,0.01912872098690863
C,3,C3,766,k,2,FALSE,FALSE,NA,tweed,59,control,NA,NA,NA,180.811,157,4.8789808917197455,59,1.135135135135135,3.7438457565846104,0.020705851726856277
C,4,C4,574,k,2,FALSE,FALSE,NA,blue,60,control,NA,NA,NA,136.78,114,5.035087719298246,60,1.135135135135135,3.8999525841631106,0.02851259383069974
A,1,A1,1268,k,2.5,FALSE,FALSE,NA,tweed,49,selected,NA,NA,NA,190.345,163,7.779141104294479,49,1.1441441441441442,6.6349969601503345,0.03485774231080582
A,2,A2,790,k,2.5,FALSE,FALSE,NA,blue,50,selected,NA,NA,NA,150.627,140,5.642857142857143,50,1.1441441441441442,4.498712998712999,0.029866577696648
A,3,A3,776,k,2.5,FALSE,FALSE,NA,tweed,51,control,NA,NA,NA,175.426,146,5.315068493150685,51,1.1441441441441442,4.17092434900654,0.023775975904407217
A,4,A4,619,k,2.5,FALSE,FALSE,NA,blue,52,control,NA,NA,NA,136.641,130,4.7615384615384615,52,1.1441441441441442,3.617394317394317,0.02647371079979155
B,1,B1,1015,k,2.5,FALSE,FALSE,NA,tweed,53,selected,NA,NA,NA,158.146,142,7.147887323943662,53,1.1441441441441442,6.0037431797995175,0.03796329454933744
B,2,B2,648,k,2.5,FALSE,FALSE,NA,blue,54,selected,NA,NA,NA,156.925,153,4.235294117647059,54,1.1441441441441442,3.0911499735029144,0.019698263332820865
B,3,B3,584,k,2.5,FALSE,FALSE,NA,tweed,55,control,NA,NA,NA,112.167,128,4.5625,55,1.1441441441441442,3.4183558558558556,0.030475593141082988
B,4,B4,522,k,2.5,FALSE,FALSE,NA,blue,56,control,NA,NA,NA,101.239,128,4.078125,56,1.1441441441441442,2.9339808558558556,0.028980737224348872
C,2,C2,911,k,2.5,FALSE,FALSE,NA,blue,58,selected,NA,NA,NA,191.154,168,5.4226190476190474,58,1.1441441441441442,4.278474903474903,0.022382345666190104
C,3,C3,833,k,2.5,FALSE,FALSE,NA,tweed,59,control,NA,NA,NA,180.811,157,5.305732484076433,59,1.1441441441441442,4.161588339932289,0.02301623429952983
C,4,C4,936,k,2.5,FALSE,FALSE,NA,blue,60,control,NA,NA,NA,136.78,114,8.210526315789474,60,1.1441441441441442,7.06638217164533,0.05166239341749766
A,1,A1,1373,k,3,FALSE,FALSE,NA,tweed,49,selected,NA,NA,NA,190.345,163,8.423312883435583,49,1.1801801801801801,7.243132703255403,0.038052655458537935
A,2,A2,880,k,3,FALSE,FALSE,NA,blue,50,selected,NA,NA,NA,150.627,140,6.285714285714286,50,1.1801801801801801,5.1055341055341055,0.03389521205052285
A,3,A3,846,k,3,FALSE,FALSE,NA,tweed,51,control,NA,NA,NA,175.426,146,5.794520547945205,51,1.1801801801801801,4.614340367765025,0.026303628696801074
A,4,A4,674,k,3,FALSE,FALSE,NA,blue,52,control,NA,NA,NA,136.641,130,5.184615384615385,52,1.1801801801801801,4.004435204435205,0.029306249254873757
B,1,B1,1089,k,3,FALSE,FALSE,NA,tweed,53,selected,NA,NA,NA,158.146,142,7.669014084507042,53,1.1801801801801801,6.488833904326862,0.04103065461236365
B,2,B2,700,k,3,FALSE,FALSE,NA,blue,54,selected,NA,NA,NA,156.925,153,4.57516339869281,54,1.1801801801801801,3.39498321851263,0.021634431852876404
B,3,B3,696,k,3,FALSE,FALSE,NA,tweed,55,control,NA,NA,NA,112.167,128,5.4375,55,1.1801801801801801,4.25731981981982,0.03795519020585217
B,4,B4,565,k,3,FALSE,FALSE,NA,blue,56,control,NA,NA,NA,101.239,128,4.4140625,56,1.1801801801801801,3.23388231981982,0.03194304882327779
C,2,C2,984,k,3,FALSE,FALSE,NA,blue,58,selected,NA,NA,NA,191.154,168,5.857142857142857,58,1.1801801801801801,4.676962676962677,0.024466988276272937
C,3,C3,903,k,3,FALSE,FALSE,NA,tweed,59,control,NA,NA,NA,180.811,157,5.751592356687898,59,1.1801801801801801,4.571412176507718,0.02528282115860052
C,4,C4,1139,k,3,FALSE,FALSE,NA,blue,60,control,NA,NA,NA,136.78,114,9.991228070175438,60,1.1801801801801801,8.811047889995258,0.06441766259683622
A,1,A1,1436,k,3.5,FALSE,FALSE,NA,tweed,49,selected,NA,NA,NA,190.345,163,8.809815950920246,49,1.1711711711711712,7.638644779749075,0.040130524992771414
A,2,A2,939,k,3.5,FALSE,FALSE,NA,blue,50,selected,NA,NA,NA,150.627,140,6.707142857142857,50,1.1711711711711712,5.5359716859716865,0.03675285098934246
A,3,A3,879,k,3.5,FALSE,FALSE,NA,tweed,51,control,NA,NA,NA,175.426,146,6.02054794520548,51,1.1711711711711712,4.849376774034308,0.027643432410442627
A,4,A4,689,k,3.5,FALSE,FALSE,NA,blue,52,control,NA,NA,NA,136.641,130,5.3,52,1.1711711711711712,4.128828828828828,0.030216617478127563
B,1,B1,1153,k,3.5,FALSE,FALSE,NA,tweed,53,selected,NA,NA,NA,158.146,142,8.119718309859154,53,1.1711711711711712,6.948547138687983,0.043937545930266865
B,2,B2,748,k,3.5,FALSE,FALSE,NA,blue,54,selected,NA,NA,NA,156.925,153,4.888888888888889,54,1.1711711711711712,3.717717717717718,0.023691048065749357
B,3,B3,844,k,3.5,FALSE,FALSE,NA,tweed,55,control,NA,NA,NA,112.167,128,6.59375,55,1.1711711711711712,5.422578828828829,0.048343798343798344
B,4,B4,589,k,3.5,FALSE,FALSE,NA,blue,56,control,NA,NA,NA,101.239,128,4.6015625,56,1.1711711711711712,3.430391328828829,0.033884089420369905
C,2,C2,1011,k,3.5,FALSE,FALSE,NA,blue,58,selected,NA,NA,NA,191.154,168,6.017857142857143,58,1.1711711711711712,4.846685971685972,0.02535487602501633
C,3,C3,948,k,3.5,FALSE,FALSE,NA,tweed,59,control,NA,NA,NA,180.811,157,6.038216560509555,59,1.1711711711711712,4.867045389338383,0.026917861133107956
C,4,C4,1359,k,3.5,FALSE,FALSE,NA,blue,60,control,NA,NA,NA,136.78,114,11.921052631578947,60,1.1711711711711712,10.749881460407776,0.0785924949583841
A,1,A1,1488,k,4,FALSE,FALSE,NA,tweed,49,selected,NA,NA,NA,190.345,163,9.128834355828221,49,1.1711711711711712,7.957663184657051,0.041806525964207364
A,2,A2,987,k,4,FALSE,FALSE,NA,blue,50,selected,NA,NA,NA,150.627,140,7.05,50,1.1711711711711712,5.878828828828828,0.039029050760015324
A,3,A3,952,k,4,FALSE,FALSE,NA,tweed,51,control,NA,NA,NA,175.426,146,6.52054794520548,51,1.1711711711711712,5.349376774034308,0.03049363705513612
A,4,A4,725,k,4,FALSE,FALSE,NA,blue,52,control,NA,NA,NA,136.641,130,5.576923076923077,52,1.1711711711711712,4.405751905751906,0.03224326450883634
B,1,B1,1226,k,4,FALSE,FALSE,NA,tweed,53,selected,NA,NA,NA,158.146,142,8.633802816901408,53,1.1711711711711712,7.462631645730237,0.047188241534596116
B,2,B2,790,k,4,FALSE,FALSE,NA,blue,54,selected,NA,NA,NA,156.925,153,5.163398692810458,54,1.1711711711711712,3.9922275216392866,0.025440353810032092
B,3,B3,976,k,4,FALSE,FALSE,NA,tweed,55,control,NA,NA,NA,112.167,128,7.625,55,1.1711711711711712,6.453828828828829,0.0575376788969022
B,4,B4,622,k,4,FALSE,FALSE,NA,blue,56,control,NA,NA,NA,101.239,128,4.859375,56,1.1711711711711712,3.688203828828829,0.03643066238138295
C,2,C2,1055,k,4,FALSE,FALSE,NA,blue,58,selected,NA,NA,NA,191.154,168,6.279761904761905,58,1.1711711711711712,5.108590733590734,0.02672500043729524
C,3,C3,993,k,4,FALSE,FALSE,NA,tweed,59,control,NA,NA,NA,180.811,157,6.32484076433121,59,1.1711711711711712,5.153669593160039,0.02850307554938604
C,4,C4,1503,k,4,FALSE,FALSE,NA,blue,60,control,NA,NA,NA,136.78,114,13.18421052631579,60,1.1711711711711712,12.013039355144619,0.08782745544044904
A,1,A1,218,l,0,FALSE,FALSE,NA,tweed,61,selected,NA,NA,NA,202.34,218,1,61,1,0,0
A,2,A2,143,l,0,FALSE,FALSE,NA,blue,62,selected,NA,NA,NA,130.464,143,1,62,1,0,0
A,3,A3,126,l,0,FALSE,FALSE,NA,tweed,63,control,NA,NA,NA,123.395,126,1,63,1,0,0
A,4,A4,126,l,0,FALSE,FALSE,NA,blue,64,control,NA,NA,NA,108.468,126,1,64,1,0,0
B,1,B1,155,l,0,FALSE,FALSE,NA,tweed,65,selected,NA,NA,NA,177.084,155,1,65,1,0,0
B,2,B2,166,l,0,FALSE,FALSE,NA,blue,66,selected,NA,NA,NA,168.391,166,1,66,1,0,0
B,3,B3,133,l,0,FALSE,FALSE,NA,tweed,67,control,NA,NA,NA,101.502,133,1,67,1,0,0
B,4,B4,128,l,0,FALSE,FALSE,NA,blue,68,control,NA,NA,NA,104.558,128,1,68,1,0,0
C,1,C1,138,l,0,FALSE,FALSE,NA,tweed,69,selected,NA,NA,NA,90.795,138,1,69,1,0,0
C,3,C3,149,l,0,FALSE,FALSE,NA,tweed,71,control,NA,NA,NA,94.316,149,1,71,1,0,0
C,4,C4,132,l,0,FALSE,FALSE,NA,blue,72,control,NA,NA,NA,139.26,132,1,72,1,0,0
A,1,A1,379,l,0.5,FALSE,FALSE,NA,tweed,61,selected,NA,NA,NA,202.34,218,1.738532110091743,61,1.0265486725663717,0.7119834375253713,0.0035187478379231554
A,2,A2,268,l,0.5,FALSE,FALSE,NA,blue,62,selected,NA,NA,NA,130.464,143,1.8741258741258742,62,1.0265486725663717,0.8475772015595024,0.006496636632017281
A,3,A3,256,l,0.5,FALSE,FALSE,NA,tweed,63,control,NA,NA,NA,123.395,126,2.0317460317460316,63,1.0265486725663717,1.00519735917966,0.0081461757703282945
A,4,A4,203,l,0.5,FALSE,FALSE,NA,blue,64,control,NA,NA,NA,108.468,126,1.6111111111111112,64,1.0265486725663717,0.5845624385447394,0.005389261704325141
B,1,B1,301,l,0.5,FALSE,FALSE,NA,tweed,65,selected,NA,NA,NA,177.084,155,1.9419354838709677,65,1.0265486725663717,0.915386811304596,0.005169223709113166
B,2,B2,336,l,0.5,FALSE,FALSE,NA,blue,66,selected,NA,NA,NA,168.391,166,2.0240963855421685,66,1.0265486725663717,0.9975477129757968,0.0059239966089387015
B,3,B3,187,l,0.5,FALSE,FALSE,NA,tweed,67,control,NA,NA,NA,101.502,133,1.406015037593985,67,1.0265486725663717,0.37946636502761333,0.0037385112118737893
B,4,B4,194,l,0.5,FALSE,FALSE,NA,blue,68,control,NA,NA,NA,104.558,128,1.515625,68,1.0265486725663717,0.4890763274336283,0.004677560085633125
C,1,C1,267,l,0.5,FALSE,FALSE,NA,tweed,69,selected,NA,NA,NA,90.795,138,1.934782608695652,69,1.0265486725663717,0.9082339361292804,0.010003127222085802
C,3,C3,260,l,0.5,FALSE,FALSE,NA,tweed,71,control,NA,NA,NA,94.316,149,1.74496644295302,71,1.0265486725663717,0.7184177703866483,0.00761713569687697
C,4,C4,202,l,0.5,FALSE,FALSE,NA,blue,72,control,NA,NA,NA,139.26,132,1.5303030303030303,72,1.0265486725663717,0.5037543577366586,0.003617365774354866
A,1,A1,562,l,1,FALSE,FALSE,NA,tweed,61,selected,NA,NA,NA,202.34,218,2.5779816513761467,61,1.0442477876106195,1.5337338637655271,0.0075799835117402745
A,2,A2,433,l,1,FALSE,FALSE,NA,blue,62,selected,NA,NA,NA,130.464,143,3.027972027972028,62,1.0442477876106195,1.9837242403614084,0.015205146556608784
A,3,A3,346,l,1,FALSE,FALSE,NA,tweed,63,control,NA,NA,NA,123.395,126,2.746031746031746,63,1.0442477876106195,1.7017839584211265,0.013791352635205045
A,4,A4,299,l,1,FALSE,FALSE,NA,blue,64,control,NA,NA,NA,108.468,126,2.373015873015873,64,1.0442477876106195,1.3287680854052535,0.012250323463189636
B,1,B1,502,l,1,FALSE,FALSE,NA,tweed,65,selected,NA,NA,NA,177.084,155,3.238709677419355,65,1.0442477876106195,2.1944618898087356,0.012392208724722367
B,2,B2,454,l,1,FALSE,FALSE,NA,blue,66,selected,NA,NA,NA,168.391,166,2.7349397590361444,66,1.0442477876106195,1.6906919714255249,0.010040275141934693
B,3,B3,284,l,1,FALSE,FALSE,NA,tweed,67,control,NA,NA,NA,101.502,133,2.1353383458646618,67,1.0442477876106195,1.0910905582540422,0.010749448860653408
B,4,B4,288,l,1,FALSE,FALSE,NA,blue,68,control,NA,NA,NA,104.558,128,2.25,68,1.0442477876106195,1.2057522123893805,0.011531898203766143
C,1,C1,437,l,1,FALSE,FALSE,NA,tweed,69,selected,NA,NA,NA,90.795,138,3.1666666666666665,69,1.0442477876106195,2.122418879056047,0.02337594447993884
C,3,C3,397,l,1,FALSE,FALSE,NA,tweed,71,control,NA,NA,NA,94.316,149,2.664429530201342,71,1.0442477876106195,1.6201817425907226,0.01717822789972775
C,4,C4,297,l,1,FALSE,FALSE,NA,blue,72,control,NA,NA,NA,139.26,132,2.25,72,1.0442477876106195,1.2057522123893805,0.00865828100236522
A,1,A1,735,l,1.5,FALSE,FALSE,NA,tweed,61,selected,NA,NA,NA,202.34,218,3.371559633027523,61,1.0707964601769913,2.3007631728505316,0.011370777764409071
A,2,A2,516,l,1.5,FALSE,FALSE,NA,blue,62,selected,NA,NA,NA,130.464,143,3.6083916083916083,62,1.0707964601769913,2.537595148214617,0.019450539215527786
A,3,A3,432,l,1.5,FALSE,FALSE,NA,tweed,63,control,NA,NA,NA,123.395,126,3.4285714285714284,63,1.0707964601769913,2.357774968394437,0.01910754056804925
A,4,A4,386,l,1.5,FALSE,FALSE,NA,blue,64,control,NA,NA,NA,108.468,126,3.0634920634920637,64,1.0707964601769913,1.9926956033150725,0.018371276351689645
B,1,B1,639,l,1.5,FALSE,FALSE,NA,tweed,65,selected,NA,NA,NA,177.084,155,4.122580645161291,65,1.0707964601769913,3.0517841849842995,0.017233539930113954
B,2,B2,587,l,1.5,FALSE,FALSE,NA,blue,66,selected,NA,NA,NA,168.391,166,3.536144578313253,66,1.0707964601769913,2.4653481181362618,0.014640616886509741
B,3,B3,385,l,1.5,FALSE,FALSE,NA,tweed,67,control,NA,NA,NA,101.502,133,2.8947368421052633,67,1.0707964601769913,1.823940381928272,0.017969501900733702
B,4,B4,381,l,1.5,FALSE,FALSE,NA,blue,68,control,NA,NA,NA,104.558,128,2.9765625,68,1.0707964601769913,1.9057660398230087,0.018226879242363173
C,1,C1,545,l,1.5,FALSE,FALSE,NA,tweed,69,selected,NA,NA,NA,90.795,138,3.949275362318841,69,1.0707964601769913,2.8784789021418495,0.03170305525790902
C,3,C3,527,l,1.5,FALSE,FALSE,NA,tweed,71,control,NA,NA,NA,94.316,149,3.5369127516778525,71,1.0707964601769913,2.466116291500861,0.02614737999385959
C,4,C4,367,l,1.5,FALSE,FALSE,NA,blue,72,control,NA,NA,NA,139.26,132,2.7803030303030303,72,1.0707964601769913,1.709506570126039,0.012275646776720085
A,1,A1,870,l,2,FALSE,FALSE,NA,tweed,61,selected,NA,NA,NA,202.34,218,3.9908256880733943,61,1.0884955752212389,2.9023301128521553,0.014343827779243626
A,2,A2,649,l,2,FALSE,FALSE,NA,blue,62,selected,NA,NA,NA,130.464,143,4.538461538461538,62,1.0884955752212389,3.4499659632402997,0.02644381563680632
A,3,A3,533,l,2,FALSE,FALSE,NA,tweed,63,control,NA,NA,NA,123.395,126,4.23015873015873,63,1.0884955752212389,3.1416631549374916,0.025460214392297027
A,4,A4,456,l,2,FALSE,FALSE,NA,blue,64,control,NA,NA,NA,108.468,126,3.619047619047619,64,1.0884955752212389,2.53055204382638,0.023329941031699487
B,1,B1,780,l,2,FALSE,FALSE,NA,tweed,65,selected,NA,NA,NA,177.084,155,5.032258064516129,65,1.0884955752212389,3.9437624892948904,0.02227057492091262
B,2,B2,754,l,2,FALSE,FALSE,NA,blue,66,selected,NA,NA,NA,168.391,166,4.542168674698795,66,1.0884955752212389,3.453673099477556,0.020509843753392737
B,3,B3,451,l,2,FALSE,FALSE,NA,tweed,67,control,NA,NA,NA,101.502,133,3.3909774436090228,67,1.0884955752212389,2.302481868387784,0.02268410345005797
B,4,B4,444,l,2,FALSE,FALSE,NA,blue,68,control,NA,NA,NA,104.558,128,3.46875,68,1.0884955752212389,2.3802544247787614,0.022764919229315415
C,1,C1,747,l,2,FALSE,FALSE,NA,tweed,69,selected,NA,NA,NA,90.795,138,5.413043478260869,69,1.0884955752212389,4.3245479030396305,0.04762980233536682
C,3,C3,636,l,2,FALSE,FALSE,NA,tweed,71,control,NA,NA,NA,94.316,149,4.268456375838926,71,1.0884955752212389,3.179960800617687,0.033716026979703204
C,4,C4,425,l,2,FALSE,FALSE,NA,blue,72,control,NA,NA,NA,139.26,132,3.2196969696969697,72,1.0884955752212389,2.131201394475731,0.015303758397786379
A,1,A1,950,l,2.5,FALSE,FALSE,NA,tweed,61,selected,NA,NA,NA,202.34,218,4.3577981651376145,61,1.1150442477876106,3.242753917350004,0.016026262317633704
A,2,A2,718,l,2.5,FALSE,FALSE,NA,blue,62,selected,NA,NA,NA,130.464,143,5.020979020979021,62,1.1150442477876106,3.9059347731914102,0.029938793638025894
A,3,A3,584,l,2.5,FALSE,FALSE,NA,tweed,63,control,NA,NA,NA,123.395,126,4.634920634920635,63,1.1150442477876106,3.5198763871330248,0.028525275636233437
A,4,A4,493,l,2.5,FALSE,FALSE,NA,blue,64,control,NA,NA,NA,108.468,126,3.9126984126984126,64,1.1150442477876106,2.797654164910802,0.025792437999325166
B,1,B1,840,l,2.5,FALSE,FALSE,NA,tweed,65,selected,NA,NA,NA,177.084,155,5.419354838709677,65,1.1150442477876106,4.304310590922066,0.024306603594464016
B,2,B2,837,l,2.5,FALSE,FALSE,NA,blue,66,selected,NA,NA,NA,168.391,166,5.042168674698795,66,1.1150442477876106,3.9271244269111842,0.023321462708287166
B,3,B3,513,l,2.5,FALSE,FALSE,NA,tweed,67,control,NA,NA,NA,101.502,133,3.857142857142857,67,1.1150442477876106,2.7420986093552466,0.027015217526307332
B,4,B4,496,l,2.5,FALSE,FALSE,NA,blue,68,control,NA,NA,NA,104.558,128,3.875,68,1.1150442477876106,2.7599557522123894,0.026396409191189477
C,1,C1,1068,l,2.5,FALSE,FALSE,NA,tweed,69,selected,NA,NA,NA,90.795,138,7.739130434782608,69,1.1150442477876106,6.624086186994997,0.0729565084750812
C,3,C3,711,l,2.5,FALSE,FALSE,NA,tweed,71,control,NA,NA,NA,94.316,149,4.771812080536913,71,1.1150442477876106,3.6567678327493023,0.038771447397570956
C,4,C4,465,l,2.5,FALSE,FALSE,NA,blue,72,control,NA,NA,NA,139.26,132,3.522727272727273,72,1.1150442477876106,2.4076830249396624,0.017289121247592003
A,1,A1,1041,l,3,FALSE,FALSE,NA,tweed,61,selected,NA,NA,NA,202.34,218,4.775229357798165,61,1.1415929203539823,3.6336364374441823,0.017958072736207285
A,2,A2,782,l,3,FALSE,FALSE,NA,blue,62,selected,NA,NA,NA,130.464,143,5.468531468531468,62,1.1415929203539823,4.326938548177486,0.033165766404352814
A,3,A3,638,l,3,FALSE,FALSE,NA,tweed,63,control,NA,NA,NA,123.395,126,5.063492063492063,63,1.1415929203539823,3.9218991431380807,0.03178329059636193
A,4,A4,538,l,3,FALSE,FALSE,NA,blue,64,control,NA,NA,NA,108.468,126,4.26984126984127,64,1.1415929203539823,3.1282483494872872,0.028840287914290733
B,1,B1,937,l,3,FALSE,FALSE,NA,tweed,65,selected,NA,NA,NA,177.084,155,6.04516129032258,65,1.1415929203539823,4.903568369968598,0.02769063478331525
B,2,B2,926,l,3,FALSE,FALSE,NA,blue,66,selected,NA,NA,NA,168.391,166,5.578313253012048,66,1.1415929203539823,4.436720332658066,0.026347728397943276
B,3,B3,547,l,3,FALSE,FALSE,NA,tweed,67,control,NA,NA,NA,101.502,133,4.112781954887218,67,1.1415929203539823,2.9711890345332357,0.029272221577242182
B,4,B4,536,l,3,FALSE,FALSE,NA,blue,68,control,NA,NA,NA,104.558,128,4.1875,68,1.1415929203539823,3.0459070796460175,0.029131267618412914
C,1,C1,1328,l,3,FALSE,FALSE,NA,tweed,69,selected,NA,NA,NA,90.795,138,9.623188405797102,69,1.1415929203539823,8.481595485443119,0.09341478589617401
C,3,C3,773,l,3,FALSE,FALSE,NA,tweed,71,control,NA,NA,NA,94.316,149,5.1879194630872485,71,1.1415929203539823,4.046326542733266,0.042901803964685375
C,4,C4,524,l,3,FALSE,FALSE,NA,blue,72,control,NA,NA,NA,139.26,132,3.9696969696969697,72,1.1415929203539823,2.828104049342987,0.020308085949612146
A,1,A1,1094,l,3.5,FALSE,FALSE,NA,tweed,61,selected,NA,NA,NA,202.34,218,5.018348623853211,61,1.1592920353982301,3.8590565884549815,0.019072138916946632
A,2,A2,834,l,3.5,FALSE,FALSE,NA,blue,62,selected,NA,NA,NA,130.464,143,5.8321678321678325,62,1.1592920353982301,4.672875796769603,0.03581735802037039
A,3,A3,683,l,3.5,FALSE,FALSE,NA,tweed,63,control,NA,NA,NA,123.395,126,5.420634920634921,63,1.1592920353982301,4.261342885236691,0.034534161718357236
A,4,A4,564,l,3.5,FALSE,FALSE,NA,blue,64,control,NA,NA,NA,108.468,126,4.476190476190476,64,1.1592920353982301,3.3168984407922464,0.030579511383931172
B,1,B1,972,l,3.5,FALSE,FALSE,NA,tweed,65,selected,NA,NA,NA,177.084,155,6.2709677419354835,65,1.1592920353982301,5.111675706537254,0.028865824730281976
B,2,B2,986,l,3.5,FALSE,FALSE,NA,blue,66,selected,NA,NA,NA,168.391,166,5.9397590361445785,66,1.1592920353982301,4.780467000746349,0.028389088494909755
B,3,B3,580,l,3.5,FALSE,FALSE,NA,tweed,67,control,NA,NA,NA,101.502,133,4.360902255639098,67,1.1592920353982301,3.201610220240868,0.0315423363110172
B,4,B4,573,l,3.5,FALSE,FALSE,NA,blue,68,control,NA,NA,NA,104.558,128,4.4765625,68,1.1592920353982301,3.31727046460177,0.03172660594695547
C,1,C1,1555,l,3.5,FALSE,FALSE,NA,tweed,69,selected,NA,NA,NA,90.795,138,11.268115942028986,69,1.1592920353982301,10.108823906630755,0.11133679064519802
C,3,C3,807,l,3.5,FALSE,FALSE,NA,tweed,71,control,NA,NA,NA,94.316,149,5.416107382550336,71,1.1592920353982301,4.256815347152106,0.04513354411925978
C,4,C4,561,l,3.5,FALSE,FALSE,NA,blue,72,control,NA,NA,NA,139.26,132,4.25,72,1.1592920353982301,3.09070796460177,0.02219379552349397
A,1,A1,1156,l,4,FALSE,FALSE,NA,tweed,61,selected,NA,NA,NA,202.34,218,5.302752293577981,61,1.1592920353982301,4.1434602581797515,0.02047771205979911
A,2,A2,870,l,4,FALSE,FALSE,NA,blue,62,selected,NA,NA,NA,130.464,143,6.083916083916084,62,1.1592920353982301,4.924624048517854,0.03774699571159749
A,3,A3,744,l,4,FALSE,FALSE,NA,tweed,63,control,NA,NA,NA,123.395,126,5.904761904761905,63,1.1592920353982301,4.745469869363675,0.03845755394759654
A,4,A4,593,l,4,FALSE,FALSE,NA,blue,64,control,NA,NA,NA,108.468,126,4.7063492063492065,64,1.1592920353982301,3.5470571709509766,0.03270141581803828
B,1,B1,1021,l,4,FALSE,FALSE,NA,tweed,65,selected,NA,NA,NA,177.084,155,6.587096774193548,65,1.1592920353982301,5.427804738795318,0.03065101725054391
B,2,B2,1046,l,4,FALSE,FALSE,NA,blue,66,selected,NA,NA,NA,168.391,166,6.301204819277109,66,1.1592920353982301,5.141912783878879,0.030535555842526495
B,3,B3,619,l,4,FALSE,FALSE,NA,tweed,67,control,NA,NA,NA,101.502,133,4.654135338345864,67,1.1592920353982301,3.4948433029476345,0.03443127527484813
B,4,B4,603,l,4,FALSE,FALSE,NA,blue,68,control,NA,NA,NA,104.558,128,4.7109375,68,1.1592920353982301,3.55164546460177,0.03396818478358203
C,1,C1,1818,l,4,FALSE,FALSE,NA,tweed,69,selected,NA,NA,NA,90.795,138,13.173913043478262,69,1.1592920353982301,12.01462100808003,0.1323269013500747
C,3,C3,862,l,4,FALSE,FALSE,NA,tweed,71,control,NA,NA,NA,94.316,149,5.785234899328859,71,1.1592920353982301,4.6259428639306295,0.04904727579552387
C,4,C4,593,l,4,FALSE,FALSE,NA,blue,72,control,NA,NA,NA,139.26,132,4.492424242424242,72,1.1592920353982301,3.3331322070260123,0.023934598643013158
