date,bag,sample,type,hardening,temperature,0,1,2,3,4
20240724,36,B1,blank,control,18C,28733,29960,30769,31121,32472
20240724,36,1,sample,control,18C,28168,28546,75160,139215,211385
20240724,36,2,sample,control,18C,28266,28997,45676,96420,161089
20240724,36,3,sample,control,18C,27719,90019,158552,232575,291023
20240724,36,4,sample,control,18C,28527,37248,45247,56558,64565
20240724,36,5,sample,control,18C,27336,37121,47573,59004,65072
20240724,36,21,sample,control,42C,28118,101405,149263,180579,202055
20240724,36,22,sample,control,42C,27041,44928,54561,59825,71551
20240724,36,23,sample,control,42C,27204,169174,208580,214501,266151
20240724,36,24,sample,control,42C,28012,46534,55761,61099,93437
20240724,36,25,sample,control,42C,28133,49878,60583,86877,90772
20240724,36,B4,blank,control,42C,27236,32761,31600,32633,32128
20240724,36,B2,blank,control,18C,28093,27850,28466,28691,28669
20240724,36,6,sample,control,18C,29071,30684,55587,72212,80192
20240724,36,7,sample,control,18C,28495,29258,47713,58072,66530
20240724,36,8,sample,control,18C,28305,67390,133736,193430,210765
20240724,36,9,sample,control,18C,27778,35772,44305,51061,59583
20240724,36,10,sample,control,18C,28037,39887,53783,71225,78581
20240724,36,26,sample,control,42C,28257,113061,142108,164586,180532
20240724,36,27,sample,control,42C,28612,48823,62021,67114,70166
20240724,36,28,sample,control,42C,27921,53510,67566,80402,104740
20240724,36,29,sample,control,42C,28738,50019,65404,71072,101480
20240724,36,30,sample,control,42C,28352,69889,102004,126418,131891
20240724,36,B5,blank,control,42C,27793,31448,30228,30511,30440
20240724,36,B3,blank,control,18C,27472,26677,28576,28576,28377
20240724,36,11,sample,control,18C,28409,51661,98550,151588,195078
20240724,36,12,sample,control,18C,28294,42191,49233,60580,120793
20240724,36,13,sample,control,18C,28438,60655,117008,171108,235775
20240724,36,14,sample,control,18C,28445,57980,106892,168343,218591
20240724,36,15,sample,control,18C,28408,49286,91981,148504,197979
20240724,36,31,sample,control,42C,28044,45339,54113,57692,58181
20240724,36,32,sample,control,42C,27605,46750,57101,62966,84062
20240724,36,33,sample,control,42C,28004,49228,63014,98366,122311
20240724,36,34,sample,control,42C,28442,46660,59119,64547,67017
20240724,36,35,sample,control,42C,27778,82582,93976,101220,103766
20240724,36,B6,blank,control,42C,27881,28729,28382,28560,28010
20240724,36,16,sample,control,18C,28555,36827,46136,127043,211165
20240724,36,17,sample,control,18C,28782,58726,109836,167661,213489
20240724,36,18,sample,control,18C,28284,34889,45498,52684,63715
20240724,36,19,sample,control,18C,28234,36402,44785,54305,60238
20240724,36,20,sample,control,18C,28427,35786,51134,92754,137591
20240724,36,36,sample,control,42C,28391,42468,50956,76543,93137
20240724,36,37,sample,control,42C,28278,94329,122563,148100,163865
20240724,36,38,sample,control,42C,28232,45154,55729,70627,73136
20240724,36,39,sample,control,42C,28100,79569,102919,123244,124149
20240724,36,40,sample,control,42C,27900,51268,63227,82237,99081
20240725,66,B1,blank,fresh-water,18C,27191,28171,28510,29491,28174
20240725,66,1,sample,fresh-water,18C,27835,50348,89515,137767,192289
20240725,66,2,sample,fresh-water,18C,28450,53393,59241,92082,120932
20240725,66,3,sample,fresh-water,18C,28191,65574,172305,269722,314902
20240725,66,4,sample,fresh-water,18C,28404,30580,40271,47118,54488
20240725,66,5,sample,fresh-water,18C,27502,55296,140803,216906,261279
20240725,66,21,sample,fresh-water,42C,27779,44417,61776,67998,75553
20240725,66,22,sample,fresh-water,42C,27464,41456,53958,88951,147754
20240725,66,23,sample,fresh-water,42C,27927,67912,89550,109049,123798
20240725,66,24,sample,fresh-water,42C,27527,41796,54932,69895,81728
20240725,66,25,sample,fresh-water,42C,27405,44050,61661,67607,73743
20240725,66,B4,blank,fresh-water,42C,26851,28059,28985,29126,29739
20240725,66,B2,blank,fresh-water,18C,28356,28781,29036,28870,28429
20240725,66,6,sample,fresh-water,18C,28305,41551,64250,84031,110717
20240725,66,7,sample,fresh-water,18C,27991,37141,106616,181326,257258
20240725,66,8,sample,fresh-water,18C,26853,45264,70458,102818,135939
20240725,66,9,sample,fresh-water,18C,27765,44404,57267,77827,103337
20240725,66,10,sample,fresh-water,18C,28107,32237,51800,120184,230070
20240725,66,26,sample,fresh-water,42C,27403,76647,114425,139880,162533
20240725,66,27,sample,fresh-water,42C,28685,89529,126497,152648,176579
20240725,66,28,sample,fresh-water,42C,28584,104883,163566,183390,208617
20240725,66,29,sample,fresh-water,42C,28491,85289,120034,136519,158276
20240725,66,30,sample,fresh-water,42C,28913,93042,152278,260743,322064
20240725,66,B5,blank,fresh-water,42C,26934,28042,28915,28562,28101
20240725,66,B3,blank,fresh-water,18C,27700,28244,28718,28566,28423
20240725,66,11,sample,fresh-water,18C,28487,51034,87168,120786,164973
20240725,66,12,sample,fresh-water,18C,28420,54218,95044,142696,196624
20240725,66,13,sample,fresh-water,18C,28507,48148,93865,142074,194125
20240725,66,14,sample,fresh-water,18C,28091,49056,99616,151896,201570
20240725,66,15,sample,fresh-water,18C,28714,40894,73108,101602,138676
20240725,66,31,sample,fresh-water,42C,28178,41684,54091,64625,66859
20240725,66,32,sample,fresh-water,42C,27757,59859,81058,94412,106482
20240725,66,33,sample,fresh-water,42C,28408,50491,71496,96334,102391
20240725,66,34,sample,fresh-water,42C,28679,41919,58939,67244,69172
20240725,66,35,sample,fresh-water,42C,28275,43445,57642,64835,101967
20240725,66,B6,blank,fresh-water,42C,27420,28717,29267,28969,28798
20240725,66,16,sample,fresh-water,18C,28460,61897,142191,206996,201028
20240725,66,17,sample,fresh-water,18C,28525,49807,103980,157966,229140
20240725,66,18,sample,fresh-water,18C,28536,43025,68634,73993,84100
20240725,66,19,sample,fresh-water,18C,28308,29321,39863,45725,71715
20240725,66,20,sample,fresh-water,18C,28528,42416,91864,142710,182977
20240725,66,36,sample,fresh-water,42C,28208,43021,59322,66699,70209
20240725,66,37,sample,fresh-water,42C,28676,60714,81425,98058,113542
20240725,66,38,sample,fresh-water,42C,28320,40452,55312,62201,95426
20240725,66,39,sample,fresh-water,42C,27416,44058,65096,73664,79704
20240725,66,40,sample,fresh-water,42C,27885,60659,87396,101649,118220
20240729,37,B1,blank,control,18C,27650,27794,27870,27989,27738
20240729,37,1,sample,control,18C,28151,42144,106651,180377,246176
20240729,37,2,sample,control,18C,28285,35426,48181,139521,182473
20240729,37,3,sample,control,18C,27576,75411,113194,173028,229089
20240729,37,4,sample,control,18C,27662,46898,71410,105905,143493
20240729,37,5,sample,control,18C,27654,60652,143253,232032,293046
20240729,37,21,sample,control,42C,27859,108968,149845,190144,217851
20240729,37,22,sample,control,42C,28111,39232,50260,76815,103202
20240729,37,23,sample,control,42C,28432,103180,152225,163803,175981
20240729,37,24,sample,control,42C,27928,92341,116472,152526,174329
20240729,37,25,sample,control,42C,27729,37726,45319,73297,93385
20240729,37,B4,blank,control,42C,27396,28380,28734,28942,28987
20240729,37,B2,blank,control,18C,27656,28365,28763,28537,29415
20240729,37,6,sample,control,18C,28273,45196,124236,205949,298260
20240729,37,7,sample,control,18C,27924,39197,73911,112745,218820
20240729,37,8,sample,control,18C,27029,33531,39187,49274,55627
20240729,37,9,sample,control,18C,27971,36550,69687,107874,146307
20240729,37,10,sample,control,18C,28189,59432,88467,129987,159047
20240729,37,26,sample,control,42C,28153,38974,47434,64122,65512
20240729,37,27,sample,control,42C,28683,38474,48029,54579,83159
20240729,37,28,sample,control,42C,28947,101372,166384,193207,211830
20240729,37,29,sample,control,42C,28959,42627,54670,107997,125931
20240729,37,30,sample,control,42C,28338,36126,42338,74275,89538
20240729,37,B5,blank,control,42C,27791,27331,27216,27182,26776
20240729,37,B3,blank,control,18C,27583,27845,27661,27779,27872
20240729,37,11,sample,control,18C,28187,34011,40471,47625,52309
20240729,37,12,sample,control,18C,28258,57033,109039,153075,212301
20240729,37,13,sample,control,18C,28113,67845,138488,215894,275259
20240729,37,14,sample,control,18C,28842,56500,104662,172827,203583
20240729,37,15,sample,control,18C,28079,40889,53680,80940,103312
20240729,37,31,sample,control,42C,28089,39364,49910,113473,134560
20240729,37,32,sample,control,42C,27835,86129,113715,140367,157691
20240729,37,33,sample,control,42C,28697,42313,56267,101835,114569
20240729,37,34,sample,control,42C,28740,80490,104102,128115,141959
20240729,37,35,sample,control,42C,28188,34584,38591,42228,69271
20240729,37,B6,blank,control,42C,27870,28210,28472,28496,28339
20240729,37,16,sample,control,18C,28503,40994,80963,124489,160554
20240729,37,17,sample,control,18C,28686,61312,81664,121498,175482
20240729,37,18,sample,control,18C,28302,30818,37647,54360,81894
20240729,37,19,sample,control,18C,27912,56264,113069,168257,234798
20240729,37,20,sample,control,18C,28556,109930,267653,412330,456840
20240729,37,36,sample,control,42C,29846,48470,62381,71494,74063
20240729,37,37,sample,control,42C,28476,86423,118927,152625,166778
20240729,37,38,sample,control,42C,29572,46018,60206,69534,88261
20240729,37,39,sample,control,42C,26847,37619,47815,53082,62286
20240729,37,40,sample,control,42C,28331,34592,39813,42881,45216
20240731,30,B1,blank,temperature,18C,23904,24759,24561,24618,24721
20240731,30,1,sample,temperature,18C,24877,54002,100100,151139,207624
20240731,30,2,sample,temperature,18C,24749,40371,58704,74597,103997
20240731,30,3,sample,temperature,18C,24743,29612,33505,38551,45304
20240731,30,4,sample,temperature,18C,24901,43276,77432,120406,175066
20240731,30,5,sample,temperature,18C,24274,49270,88884,148588,199696
20240731,30,21,sample,temperature,42C,25052,59488,84255,110292,133864
20240731,30,22,sample,temperature,42C,24895,36630,54869,64813,76031
20240731,30,23,sample,temperature,42C,24942,55304,78457,96810,114795
20240731,30,24,sample,temperature,42C,24780,48000,73227,92455,111404
20240731,30,25,sample,temperature,42C,24492,50137,67092,79419,92187
20240731,30,B4,blank,temperature,42C,23736,25589,25986,25364,25471
20240731,30,B2,blank,temperature,18C,24846,25184,25229,24995,25435
20240731,30,6,sample,temperature,18C,25388,52578,102735,153837,211579
20240731,30,7,sample,temperature,18C,25200,44804,73192,107069,147161
20240731,30,8,sample,temperature,18C,24421,31160,44384,49008,60767
20240731,30,9,sample,temperature,18C,25255,52249,83185,117544,162402
20240731,30,10,sample,temperature,18C,25289,27646,40224,49055,55537
20240731,30,26,sample,temperature,42C,25334,74409,83876,115400,133119
20240731,30,27,sample,temperature,42C,25375,48087,64748,80670,93022
20240731,30,28,sample,temperature,42C,25360,80270,103926,123305,139941
20240731,30,29,sample,temperature,42C,26079,64856,93427,117614,139219
20240731,30,30,sample,temperature,42C,25290,66516,78013,84768,93270
20240731,30,B5,blank,temperature,42C,23790,24610,24829,24162,24625
20240731,30,B3,blank,temperature,18C,24473,25275,24832,24770,25220
20240731,30,11,sample,temperature,18C,25338,48519,87057,130603,188312
20240731,30,12,sample,temperature,18C,25526,32695,38662,42768,51370
20240731,30,13,sample,temperature,18C,25301,30572,34496,39674,45124
20240731,30,14,sample,temperature,18C,25536,72230,161530,231032,309496
20240731,30,15,sample,temperature,18C,25548,27352,36597,42920,58482
20240731,30,31,sample,temperature,42C,25235,56359,76522,86046,105516
20240731,30,32,sample,temperature,42C,25112,42923,55833,63169,73080
20240731,30,33,sample,temperature,42C,25254,106957,124587,138182,163585
20240731,30,34,sample,temperature,42C,25645,41199,67613,87075,109999
20240731,30,35,sample,temperature,42C,25081,98629,122261,141370,177318
20240731,30,B6,blank,temperature,42C,24799,25855,25983,25657,25901
20240731,30,16,sample,temperature,18C,25074,50577,94799,144996,200992
20240731,30,17,sample,temperature,18C,25426,45288,75057,106481,147268
20240731,30,18,sample,temperature,18C,25080,41718,78494,111631,147974
20240731,30,19,sample,temperature,18C,25193,50329,95146,130789,192358
20240731,30,20,sample,temperature,18C,26961,43505,72560,104623,150238
20240731,30,36,sample,temperature,42C,25491,38077,46480,52128,60001
20240731,30,37,sample,temperature,42C,25339,38733,48355,53949,60036
20240731,30,38,sample,temperature,42C,25344,114685,152071,179353,207188
20240731,30,39,sample,temperature,42C,24553,69234,116043,137374,146140
20240731,30,40,sample,temperature,42C,25218,63687,84320,102105,117171
20240801,75,B1,blank,fresh-water-temperature,18C,23806,23542,23975,24561,27851
20240801,75,1,sample,fresh-water-temperature,18C,24825,45543,84163,121078,167424
20240801,75,2,sample,fresh-water-temperature,18C,24364,45689,102183,147488,215681
20240801,75,3,sample,fresh-water-temperature,18C,24723,55310,131999,207673,278823
20240801,75,4,sample,fresh-water-temperature,18C,24379,28234,78763,108997,150114
20240801,75,5,sample,fresh-water-temperature,18C,23560,49516,110975,171530,252189
20240801,75,21,sample,fresh-water-temperature,42C,24138,31124,38253,43022,48102
20240801,75,22,sample,fresh-water-temperature,42C,24772,53633,76625,88318,96220
20240801,75,23,sample,fresh-water-temperature,42C,24739,34432,45546,51397,60887
20240801,75,24,sample,fresh-water-temperature,42C,24042,32475,39576,51364,66535
20240801,75,25,sample,fresh-water-temperature,42C,24482,33743,41033,47323,55239
20240801,75,B4,blank,fresh-water-temperature,42C,23196,23081,24424,25124,26218
20240801,75,B2,blank,fresh-water-temperature,18C,24409,24372,24748,25414,25812
20240801,75,6,sample,fresh-water-temperature,18C,24732,40266,64983,92901,119366
20240801,75,7,sample,fresh-water-temperature,18C,24403,38396,63805,91825,131262
20240801,75,8,sample,fresh-water-temperature,18C,24131,47393,94291,144076,203158
20240801,75,9,sample,fresh-water-temperature,18C,25058,39500,70611,96216,137285
20240801,75,10,sample,fresh-water-temperature,18C,25175,26691,36490,42356,52303
20240801,75,26,sample,fresh-water-temperature,42C,24945,35455,41770,48581,53868
20240801,75,27,sample,fresh-water-temperature,42C,25146,35048,43553,49171,56066
20240801,75,28,sample,fresh-water-temperature,42C,25303,37782,48878,57187,72981
20240801,75,29,sample,fresh-water-temperature,42C,25102,32777,39340,44763,59607
20240801,75,30,sample,fresh-water-temperature,42C,24796,34343,43270,59758,73891
20240801,75,B5,blank,fresh-water-temperature,42C,23495,23297,23827,24935,25177
20240801,75,B3,blank,fresh-water-temperature,18C,24409,24148,23933,24911,26008
20240801,75,11,sample,fresh-water-temperature,18C,25269,39397,82908,133067,198279
20240801,75,12,sample,fresh-water-temperature,18C,25283,61176,131684,202785,281127
20240801,75,13,sample,fresh-water-temperature,18C,24583,55704,107824,162443,224236
20240801,75,14,sample,fresh-water-temperature,18C,25297,45142,83606,122161,173875
20240801,75,15,sample,fresh-water-temperature,18C,25071,42386,76128,126640,154393
20240801,75,31,sample,fresh-water-temperature,42C,24707,33733,41935,53818,73662
20240801,75,32,sample,fresh-water-temperature,42C,24505,34369,44400,50169,57347
20240801,75,33,sample,fresh-water-temperature,42C,24635,37059,48415,55651,64308
20240801,75,34,sample,fresh-water-temperature,42C,25053,34361,44030,59835,64366
20240801,75,35,sample,fresh-water-temperature,42C,24936,68870,94940,114728,138244
20240801,75,B6,blank,fresh-water-temperature,42C,24463,24340,25117,26257,27258
20240801,75,16,sample,fresh-water-temperature,18C,25096,31675,58612,87399,114774
20240801,75,17,sample,fresh-water-temperature,18C,25291,37949,82848,121630,144163
20240801,75,18,sample,fresh-water-temperature,18C,24455,74254,193100,284749,385404
20240801,75,19,sample,fresh-water-temperature,18C,24910,46153,86302,130712,187136
20240801,75,20,sample,fresh-water-temperature,18C,25281,43245,119397,191903,283274
20240801,75,36,sample,fresh-water-temperature,42C,25422,55259,71989,86124,96932
20240801,75,37,sample,fresh-water-temperature,42C,24743,51235,66440,77045,88392
20240801,75,38,sample,fresh-water-temperature,42C,25025,62504,103367,127420,153811
20240801,75,39,sample,fresh-water-temperature,42C,24339,69724,99545,122686,145200
20240801,75,40,sample,fresh-water-temperature,42C,24760,38663,50354,83563,132484
20240805,50,B1,blank,immune,18C,26578,27151,27023,27389,27870
20240805,50,1,sample,immune,18C,27014,70416,135949,212303,265836
20240805,50,2,sample,immune,18C,28721,32537,37356,41480,45657
20240805,50,3,sample,immune,18C,28115,60503,106826,168831,230698
20240805,50,4,sample,immune,18C,28848,43814,73543,93850,131303
20240805,50,5,sample,immune,18C,28258,57486,99911,152644,191659
20240805,50,21,sample,immune,42C,27967,39959,47454,52295,60068
20240805,50,22,sample,immune,42C,27814,38417,44865,47360,58647
20240805,50,23,sample,immune,42C,27475,84048,90160,99798,102587
20240805,50,24,sample,immune,42C,28130,39967,47028,51136,56160
20240805,50,25,sample,immune,42C,27274,80553,108516,128960,139821
20240805,50,B4,blank,immune,42C,27096,28150,28223,28576,30807
20240805,50,B2,blank,immune,18C,27869,27644,28071,28059,28375
20240805,50,6,sample,immune,18C,28181,67413,136257,212516,269097
20240805,50,7,sample,immune,18C,27129,51030,85609,127816,169804
20240805,50,8,sample,immune,18C,28063,30740,42908,57599,62871
20240805,50,9,sample,immune,18C,28910,60051,109817,163825,207431
20240805,50,10,sample,immune,18C,28590,79328,156872,239722,294866
20240805,50,26,sample,immune,42C,26792,62969,73820,78223,84247
20240805,50,27,sample,immune,42C,28453,41762,49217,85543,99784
20240805,50,28,sample,immune,42C,28124,97363,121245,142977,154515
20240805,50,29,sample,immune,42C,28475,40903,48226,52304,55300
20240805,50,30,sample,immune,42C,28216,101416,121266,147350,162802
20240805,50,B5,blank,immune,42C,26529,27579,28023,27687,29353
20240805,50,B3,blank,immune,18C,29664,28325,28217,28606,28771
20240805,50,11,sample,immune,18C,28438,66269,117538,172746,227349
20240805,50,12,sample,immune,18C,28518,35980,47442,58101,67050
20240805,50,13,sample,immune,18C,28888,54038,153304,261247,322541
20240805,50,14,sample,immune,18C,28809,66236,214470,346339,420730
20240805,50,15,sample,immune,18C,28559,105744,241314,376518,450319
20240805,50,31,sample,immune,42C,28610,42208,51681,55570,64992
20240805,50,32,sample,immune,42C,29338,164486,178203,211820,227639
20240805,50,33,sample,immune,42C,28639,120898,140357,167013,179046
20240805,50,34,sample,immune,42C,28860,78105,111541,142154,158139
20240805,50,35,sample,immune,42C,27951,50090,60043,61782,67926
20240805,50,B6,blank,immune,42C,27989,28744,28699,29071,29488
20240805,50,16,sample,immune,18C,28258,34821,44418,52565,59444
20240805,50,17,sample,immune,18C,28920,35006,40893,45934,52022
20240805,50,18,sample,immune,18C,28600,74900,116248,139099,166667
20240805,50,19,sample,immune,18C,27752,107961,222472,292576,400875
20240805,50,20,sample,immune,18C,28343,105828,251862,319938,272273
20240805,50,36,sample,immune,42C,28745,40782,47372,51265,54145
20240805,50,37,sample,immune,42C,28128,96383,123372,150385,163213
20240805,50,38,sample,immune,42C,28822,96956,128154,148456,161157
20240805,50,39,sample,immune,42C,28131,43146,55126,60658,63869
20240805,50,40,sample,immune,42C,28209,37816,42780,44249,63078
20240807,47,B1,blank,temperature,18C,24273,24181,25327,24688,25051
20240807,47,1,sample,temperature,18C,23874,36666,58631,88424,123982
20240807,47,2,sample,temperature,18C,25738,39267,82700,121951,148102
20240807,47,3,sample,temperature,18C,25693,36929,76177,115866,153643
20240807,47,4,sample,temperature,18C,26118,38874,73408,115553,154559
20240807,47,5,sample,temperature,18C,25844,50421,96144,157405,219597
20240807,47,21,sample,temperature,42C,25596,35444,47386,52331,64229
20240807,47,22,sample,temperature,42C,25689,34279,44237,48407,52874
20240807,47,23,sample,temperature,42C,25145,47040,66139,78406,86567
20240807,47,24,sample,temperature,42C,26053,35118,46039,79364,99474
20240807,47,25,sample,temperature,42C,25016,53757,77826,92197,106364
20240807,47,B4,blank,temperature,42C,24378,26036,26487,26948,27732
20240807,47,B2,blank,temperature,18C,24827,25457,25576,25477,25833
20240807,47,6,sample,temperature,18C,25557,36997,65335,101597,140426
20240807,47,7,sample,temperature,18C,24469,25804,34594,39601,43427
20240807,47,8,sample,temperature,18C,25554,33886,53301,80068,101987
20240807,47,9,sample,temperature,18C,26230,37041,78222,115882,155137
20240807,47,10,sample,temperature,18C,26302,36824,68443,103194,118256
20240807,47,26,sample,temperature,42C,24560,48910,60955,65726,71280
20240807,47,27,sample,temperature,42C,26095,60239,75844,88795,98770
20240807,47,28,sample,temperature,42C,26269,34701,45048,62866,76163
20240807,47,29,sample,temperature,42C,26258,33614,43894,51231,64987
20240807,47,30,sample,temperature,42C,25934,72336,109959,114555,122109
20240807,47,B5,blank,temperature,42C,24222,24825,25049,25564,25828
20240807,47,B3,blank,temperature,18C,25334,25127,26140,25766,26323
20240807,47,11,sample,temperature,18C,25885,34538,47443,50684,56306
20240807,47,12,sample,temperature,18C,25978,26480,34595,40024,43925
20240807,47,13,sample,temperature,18C,26078,49859,102143,130233,212601
20240807,47,14,sample,temperature,18C,26289,42277,74587,133714,183387
20240807,47,15,sample,temperature,18C,26535,30389,38382,41477,47818
20240807,47,31,sample,temperature,42C,26519,50986,70591,88961,106068
20240807,47,32,sample,temperature,42C,26348,49774,63898,70475,78073
20240807,47,33,sample,temperature,42C,26318,36172,50842,57769,65075
20240807,47,34,sample,temperature,42C,26648,64747,99057,119315,133287
20240807,47,35,sample,temperature,42C,25891,35525,44006,59943,78085
20240807,47,B6,blank,temperature,42C,25230,26292,26619,26510,27145
20240807,47,16,sample,temperature,18C,25837,34725,85794,126353,174148
20240807,47,17,sample,temperature,18C,25964,38825,63627,98437,135864
20240807,47,18,sample,temperature,18C,25941,44003,56445,93796,105881
20240807,47,19,sample,temperature,18C,25386,41571,77822,120225,177394
20240807,47,20,sample,temperature,18C,25980,39401,91380,139081,194637
20240807,47,36,sample,temperature,42C,26441,61594,84920,102194,117722
20240807,47,37,sample,temperature,42C,25873,34811,46436,51459,66553
20240807,47,38,sample,temperature,42C,26313,91064,123560,142650,139464
20240807,47,39,sample,temperature,42C,26040,35058,44859,50629,58240
20240807,47,40,sample,temperature,42C,25283,71246,90208,106916,121457
20240808,56,B1,blank,fresh-water,18C,24706,25508,25147,25468,25860
20240808,56,1,sample,fresh-water,18C,25342,34752,68174,104258,152966
20240808,56,2,sample,fresh-water,18C,26062,39667,57809,90638,112265
20240808,56,3,sample,fresh-water,18C,26604,43207,62508,85093,107698
20240808,56,4,sample,fresh-water,18C,25665,30455,35452,43411,47715
20240808,56,5,sample,fresh-water,18C,26158,49986,93406,156813,231054
20240808,56,21,sample,fresh-water,42C,26135,34865,39426,42017,51319
20240808,56,22,sample,fresh-water,42C,26411,93144,119632,147850,167867
20240808,56,23,sample,fresh-water,42C,25473,38715,46583,51511,55021
20240808,56,24,sample,fresh-water,42C,26240,38118,46649,49943,51203
20240808,56,25,sample,fresh-water,42C,25535,38955,45317,48972,51870
20240808,56,B4,blank,fresh-water,42C,25502,27166,27518,27964,27598
20240808,56,B2,blank,fresh-water,18C,25684,26473,26460,26711,26882
20240808,56,6,sample,fresh-water,18C,26448,51948,101145,161452,224227
20240808,56,7,sample,fresh-water,18C,25011,45284,79063,108387,162403
20240808,56,8,sample,fresh-water,18C,26224,57224,98018,148411,201643
20240808,56,9,sample,fresh-water,18C,26436,42292,74014,122266,185189
20240808,56,10,sample,fresh-water,18C,26390,39456,63025,87269,115649
20240808,56,26,sample,fresh-water,42C,25461,36831,42692,44904,50914
20240808,56,27,sample,fresh-water,42C,26511,38562,45601,49943,51734
20240808,56,28,sample,fresh-water,42C,26501,64593,82409,97907,110322
20240808,56,29,sample,fresh-water,42C,26641,42129,52626,58408,64813
20240808,56,30,sample,fresh-water,42C,26708,41420,49437,53880,56475
20240808,56,B5,blank,fresh-water,42C,24960,26138,26690,26516,26490
20240808,56,B3,blank,fresh-water,18C,26182,26752,26417,26602,27187
20240808,56,11,sample,fresh-water,18C,26578,31672,37948,46019,56422
20240808,56,12,sample,fresh-water,18C,26126,33099,38588,43513,51645
20240808,56,13,sample,fresh-water,18C,26512,35346,41935,56488,63610
20240808,56,14,sample,fresh-water,18C,27068,40429,70754,86360,135474
20240808,56,15,sample,fresh-water,18C,26831,59080,100700,159491,227465
20240808,56,31,sample,fresh-water,42C,26949,39491,46547,49653,52471
20240808,56,32,sample,fresh-water,42C,26910,46438,57849,64903,72081
20240808,56,33,sample,fresh-water,42C,26614,64957,83802,97757,111037
20240808,56,34,sample,fresh-water,42C,26303,82665,104167,121346,141472
20240808,56,35,sample,fresh-water,42C,26185,73171,88469,104394,121316
20240808,56,B6,blank,fresh-water,42C,26102,27753,27651,27507,27851
20240808,56,16,sample,fresh-water,18C,26845,30792,37287,41449,49791
20240808,56,17,sample,fresh-water,18C,26576,39611,54378,95572,131155
20240808,56,18,sample,fresh-water,18C,27004,62197,111085,178490,247391
20240808,56,19,sample,fresh-water,18C,26287,45884,86749,144372,216049
20240808,56,20,sample,fresh-water,18C,26692,32328,34038,44391,55189
20240808,56,36,sample,fresh-water,42C,26941,53069,69876,84784,97963
20240808,56,37,sample,fresh-water,42C,26196,64580,70886,80808,88326
20240808,56,38,sample,fresh-water,42C,27447,77992,94150,108822,126677
20240808,56,39,sample,fresh-water,42C,26796,48410,64239,68180,122327
20240808,56,40,sample,fresh-water,42C,26166,39832,46952,64052,72013
20240812,36,B1,blank,control,18C,27746,27752,28800,31484,28437
20240812,36,1,sample,control,18C,27725,57429,129037,205618,257006
20240812,36,2,sample,control,18C,29605,34418,39145,41243,47212
20240812,36,3,sample,control,18C,29474,59314,108855,174336,233404
20240812,36,4,sample,control,18C,28775,53788,64962,98042,124716
20240812,36,5,sample,control,18C,29597,37302,66466,105519,143149
20240812,36,21,sample,control,42C,28939,117090,154749,186805,193089
20240812,36,22,sample,control,42C,29757,74396,83915,88289,92939
20240812,36,23,sample,control,42C,28593,89857,103291,118440,132686
20240812,36,24,sample,control,42C,29259,99687,127019,148426,161385
20240812,36,25,sample,control,42C,28815,36962,42228,44765,62667
20240812,36,B4,blank,control,42C,28988,29496,30571,31129,30797
20240812,36,B2,blank,control,18C,28559,28626,29308,30313,29788
20240812,36,6,sample,control,18C,29408,42355,65915,90665,113285
20240812,36,7,sample,control,18C,28312,29623,36857,37734,43890
20240812,36,8,sample,control,18C,29444,43794,71996,113264,140409
20240812,36,9,sample,control,18C,30094,52269,93820,141558,183521
20240812,36,10,sample,control,18C,29585,37110,70109,118749,164054
20240812,36,26,sample,control,42C,29312,41926,51222,63375,73149
20240812,36,27,sample,control,42C,29907,129109,140262,151235,155510
20240812,36,28,sample,control,42C,29407,73604,103119,120788,143576
20240812,36,29,sample,control,42C,30203,39757,78321,83979,88351
20240812,36,30,sample,control,42C,30524,38361,53891,60434,66141
20240812,36,B5,blank,control,42C,28135,28123,29108,29657,29593
20240812,36,B3,blank,control,18C,29558,29168,29665,31170,30090
20240812,36,11,sample,control,18C,29754,49779,90372,101311,111532
20240812,36,12,sample,control,18C,29726,40927,46160,55640,69913
20240812,36,13,sample,control,18C,29859,50666,83397,114202,154616
20240812,36,14,sample,control,18C,30127,42943,45785,53174,67357
20240812,36,15,sample,control,18C,30357,35944,40362,50672,50689
20240812,36,31,sample,control,42C,29922,41526,47964,77777,86246
20240812,36,32,sample,control,42C,30494,44121,51299,58031,66017
20240812,36,33,sample,control,42C,29830,69204,80529,94314,100559
20240812,36,34,sample,control,42C,29936,69891,84043,94665,101353
20240812,36,35,sample,control,42C,29427,50600,70658,86290,94121
20240812,36,B6,blank,control,42C,29724,29663,30309,30305,30373
20240812,36,16,sample,control,18C,29605,36147,41270,49334,54101
20240812,36,17,sample,control,18C,30058,34166,36084,40728,45321
20240812,36,18,sample,control,18C,29620,36636,40668,48765,51426
20240812,36,19,sample,control,18C,29537,50632,92604,146403,196162
20240812,36,20,sample,control,18C,29780,58613,108790,169993,220540
20240812,36,36,sample,control,42C,30392,110785,142267,174244,190591
20240812,36,37,sample,control,42C,30486,115250,141413,171248,188374
20240812,36,38,sample,control,42C,30364,40821,77474,90808,103703
20240812,36,39,sample,control,42C,30177,64057,80435,94729,102840
20240812,36,40,sample,control,42C,30027,61592,71524,79873,86765
20240813,49,B1,blank,immune,18C,27377,28418,27702,28779,27920
20240813,49,1,sample,immune,18C,29980,40901,64966,97251,128336
20240813,49,2,sample,immune,18C,29174,55060,88451,136342,168103
20240813,49,3,sample,immune,18C,30057,45166,76172,107588,148201
20240813,49,4,sample,immune,18C,29918,40196,60918,91799,118421
20240813,49,5,sample,immune,18C,29400,32727,37669,41055,47899
20240813,49,21,sample,immune,42C,31934,40062,47326,52402,55940
20240813,49,22,sample,immune,42C,29891,111145,114266,156231,175912
20240813,49,23,sample,immune,42C,29791,40258,50316,54270,60078
20240813,49,24,sample,immune,42C,30145,37101,42663,45415,48063
20240813,49,25,sample,immune,42C,28832,49643,61123,73780,78989
20240813,49,B4,blank,immune,42C,28422,30449,30760,31107,32009
20240813,49,B2,blank,immune,18C,28366,29006,28746,29317,30256
20240813,49,6,sample,immune,18C,29661,45509,66503,86698,111492
20240813,49,7,sample,immune,18C,27826,53891,84035,124432,179688
20240813,49,8,sample,immune,18C,29298,45710,94966,115033,143543
20240813,49,9,sample,immune,18C,30368,57541,105494,163450,209444
20240813,49,10,sample,immune,18C,29827,42105,68683,90629,111358
20240813,49,26,sample,immune,42C,29617,44880,57074,61606,67478
20240813,49,27,sample,immune,42C,30476,63422,87714,105923,111256
20240813,49,28,sample,immune,42C,29996,85877,112961,133982,158174
20240813,49,29,sample,immune,42C,29915,120001,140724,158539,179939
20240813,49,30,sample,immune,42C,29733,83895,99965,112459,126272
20240813,49,B5,blank,immune,42C,28274,28643,28810,29066,29382
20240813,49,B3,blank,immune,18C,29070,29594,29552,29189,30351
20240813,49,11,sample,immune,18C,29660,37273,42637,46977,57259
20240813,49,12,sample,immune,18C,29736,46523,114902,190433,254442
20240813,49,13,sample,immune,18C,29963,67648,132914,197980,250462
20240813,49,14,sample,immune,18C,30042,53405,94325,135288,187291
20240813,49,15,sample,immune,18C,29916,60613,112593,166387,223744
20240813,49,31,sample,immune,42C,30010,64751,90567,107179,129138
20240813,49,32,sample,immune,42C,29787,84832,119850,141556,156308
20240813,49,33,sample,immune,42C,29851,40619,49210,53641,57637
20240813,49,34,sample,immune,42C,30179,71600,94534,111306,132903
20240813,49,35,sample,immune,42C,29661,43269,50918,53874,54773
20240813,49,B6,blank,immune,42C,29706,36239,36317,36011,36395
20240813,49,16,sample,immune,18C,28909,50174,92036,143880,191884
20240813,49,17,sample,immune,18C,29281,31093,47513,43791,51240
20240813,49,18,sample,immune,18C,29752,33162,40714,49640,53131
20240813,49,19,sample,immune,18C,32437,51533,88539,128760,172233
20240813,49,20,sample,immune,18C,30181,38748,68678,109408,139744
20240813,49,36,sample,immune,42C,30415,69980,89472,106996,116222
20240813,49,37,sample,immune,42C,30114,41826,62536,75559,86516
20240813,49,38,sample,immune,42C,29918,41533,50025,54185,58159
20240813,49,39,sample,immune,42C,29812,79990,94377,109290,123315
20240813,49,40,sample,immune,42C,29320,107723,147352,171158,200491
20240815,76,B1,blank,fresh-water-temperature,18C,24819,25093,24935,24667,24870
20240815,76,1,sample,fresh-water-temperature,18C,25634,38531,58461,75452,124737
20240815,76,2,sample,fresh-water-temperature,18C,26802,38920,63987,91879,137029
20240815,76,3,sample,fresh-water-temperature,18C,27170,31434,41438,50237,61918
20240815,76,4,sample,fresh-water-temperature,18C,26583,29762,46453,57689,80625
20240815,76,5,sample,fresh-water-temperature,18C,26464,29879,35863,50676,59175
20240815,76,21,sample,fresh-water-temperature,42C,26429,44786,61189,76694,88429
20240815,76,22,sample,fresh-water-temperature,42C,26604,35218,57559,82602,104141
20240815,76,23,sample,fresh-water-temperature,42C,25861,32432,39905,46222,49743
20240815,76,24,sample,fresh-water-temperature,42C,26869,31942,38020,41947,44214
20240815,76,25,sample,fresh-water-temperature,42C,26298,30906,36601,40081,43071
20240815,76,B4,blank,fresh-water-temperature,42C,26587,27216,27954,27726,28801
20240815,76,B2,blank,fresh-water-temperature,18C,25926,25916,26112,26282,26484
20240815,76,6,sample,fresh-water-temperature,18C,26520,38293,40007,71999,107631
20240815,76,7,sample,fresh-water-temperature,18C,24823,27204,28406,32970,37115
20240815,76,8,sample,fresh-water-temperature,18C,26529,30159,43633,51757,67471
20240815,76,9,sample,fresh-water-temperature,18C,27019,28652,31574,32654,36967
20240815,76,10,sample,fresh-water-temperature,18C,26691,39464,39923,102711,145717
20240815,76,26,sample,fresh-water-temperature,42C,26578,33422,54263,75625,92274
20240815,76,27,sample,fresh-water-temperature,42C,27261,32317,39562,44414,49168
20240815,76,28,sample,fresh-water-temperature,42C,27070,44948,66767,80978,94756
20240815,76,29,sample,fresh-water-temperature,42C,27620,32197,38212,42305,45314
20240815,76,30,sample,fresh-water-temperature,42C,26839,33646,40419,44896,47639
20240815,76,B5,blank,fresh-water-temperature,42C,26157,26170,26667,26894,27467
20240815,76,B3,blank,fresh-water-temperature,18C,26650,26587,27657,28190,28371
20240815,76,11,sample,fresh-water-temperature,18C,26870,35075,48002,73975,100014
20240815,76,12,sample,fresh-water-temperature,18C,26908,32682,42424,52918,67483
20240815,76,13,sample,fresh-water-temperature,18C,26746,34588,45469,58917,73743
20240815,76,14,sample,fresh-water-temperature,18C,27242,33426,41969,45635,65205
20240815,76,15,sample,fresh-water-temperature,18C,27237,35167,45530,58794,74916
20240815,76,31,sample,fresh-water-temperature,42C,27388,37152,56395,70727,87931
20240815,76,32,sample,fresh-water-temperature,42C,26979,38453,58146,77475,95383
20240815,76,33,sample,fresh-water-temperature,42C,26822,32131,39213,43473,46940
20240815,76,34,sample,fresh-water-temperature,42C,27176,32556,53100,76915,98304
20240815,76,35,sample,fresh-water-temperature,42C,26564,33682,39407,48286,57333
20240815,76,B6,blank,fresh-water-temperature,42C,26641,27068,27394,27162,27331
20240815,76,16,sample,fresh-water-temperature,18C,26375,28837,35067,36312,39886
20240815,76,17,sample,fresh-water-temperature,18C,26791,32073,41126,49388,62415
20240815,76,18,sample,fresh-water-temperature,18C,27002,34526,35655,53533,74306
20240815,76,19,sample,fresh-water-temperature,18C,26786,29596,31883,43897,51528
20240815,76,20,sample,fresh-water-temperature,18C,26855,39768,59333,94540,143636
20240815,76,36,sample,fresh-water-temperature,42C,27494,33456,39914,43920,46697
20240815,76,37,sample,fresh-water-temperature,42C,27027,36177,57936,80442,103063
20240815,76,38,sample,fresh-water-temperature,42C,27225,33191,48049,61425,74284
20240815,76,39,sample,fresh-water-temperature,42C,26729,38828,74343,100201,134604
20240815,76,40,sample,fresh-water-temperature,42C,26687,34142,42574,47525,50647