row_id,col_id,well_id,value,plate_id,time_hr,is_blank,exclude_from_analysis,exclude_reason,family_id_group,sample_id_group,treatment_group,width_mm_measurement,length_mm_measurement,weight_mg_measurement,area_cm2_measurement,value_t0,fold_change,trace_id,mean_blank_fc,corrected_fc,metabolism_per_area_cm2_measurement
A,1,A1,368,h,0,FALSE,FALSE,NA,tweed,13,selected,NA,NA,NA,1.573,368,1,13,1,0,0
A,2,A2,350,h,0,FALSE,FALSE,NA,blue,14,selected,NA,NA,NA,1.31,350,1,14,1,0,0
A,3,A3,302,h,0,FALSE,FALSE,NA,tweed,15,control,NA,NA,NA,1.105,302,1,15,1,0,0
A,4,A4,310,h,0,FALSE,FALSE,NA,blue,16,control,NA,NA,NA,1.084,310,1,16,1,0,0
B,1,B1,316,h,0,FALSE,FALSE,NA,tweed,17,selected,NA,NA,NA,1.234,316,1,17,1,0,0
B,2,B2,309,h,0,FALSE,FALSE,NA,blue,18,selected,NA,NA,NA,0.937,309,1,18,1,0,0
B,3,B3,256,h,0,FALSE,FALSE,NA,tweed,19,control,NA,NA,NA,0.93,256,1,19,1,0,0
B,4,B4,336,h,0,FALSE,FALSE,NA,blue,20,control,NA,NA,NA,1.25,336,1,20,1,0,0
C,1,C1,318,h,0,FALSE,FALSE,NA,tweed,21,selected,NA,NA,NA,1.584,318,1,21,1,0,0
C,3,C3,317,h,0,FALSE,FALSE,NA,tweed,23,control,NA,NA,NA,1.307,317,1,23,1,0,0
C,4,C4,306,h,0,FALSE,FALSE,NA,blue,24,control,NA,NA,NA,1.215,306,1,24,1,0,0
A,1,A1,1634,h,0.5,FALSE,FALSE,NA,tweed,13,selected,NA,NA,NA,1.573,368,4.440217391304348,13,0.9900497512437811,3.4501676400605668,2.1933678576354527
A,2,A2,991,h,0.5,FALSE,FALSE,NA,blue,14,selected,NA,NA,NA,1.31,350,2.8314285714285714,14,0.9900497512437811,1.8413788201847903,1.405632687163962
A,3,A3,910,h,0.5,FALSE,FALSE,NA,tweed,15,control,NA,NA,NA,1.105,302,3.013245033112583,15,0.9900497512437811,2.0231952818688015,1.8309459564423542
A,4,A4,2209,h,0.5,FALSE,FALSE,NA,blue,16,control,NA,NA,NA,1.084,310,7.125806451612903,16,0.9900497512437811,6.1357567003691225,5.660292159012105
B,1,B1,1591,h,0.5,FALSE,FALSE,NA,tweed,17,selected,NA,NA,NA,1.234,316,5.034810126582278,17,0.9900497512437811,4.044760375338497,3.277763675314828
B,2,B2,834,h,0.5,FALSE,FALSE,NA,blue,18,selected,NA,NA,NA,0.937,309,2.6990291262135924,18,0.9900497512437811,1.7089793749698112,1.823884071472584
B,3,B3,747,h,0.5,FALSE,FALSE,NA,tweed,19,control,NA,NA,NA,0.93,256,2.91796875,19,0.9900497512437811,1.9279189987562189,2.0730311814583
B,4,B4,2719,h,0.5,FALSE,FALSE,NA,blue,20,control,NA,NA,NA,1.25,336,8.092261904761905,20,0.9900497512437811,7.102212153518124,5.681769722814499
C,1,C1,1409,h,0.5,FALSE,FALSE,NA,tweed,21,selected,NA,NA,NA,1.584,318,4.430817610062893,21,0.9900497512437811,3.440767858819112,2.1722019310726717
C,3,C3,1088,h,0.5,FALSE,FALSE,NA,tweed,23,control,NA,NA,NA,1.307,317,3.4321766561514195,23,0.9900497512437811,2.4421269049076386,1.8684980144664414
C,4,C4,2757,h,0.5,FALSE,FALSE,NA,blue,24,control,NA,NA,NA,1.215,306,9.009803921568627,24,0.9900497512437811,8.019754170324846,6.600620716316746
A,1,A1,3523,h,1,FALSE,FALSE,NA,tweed,13,selected,NA,NA,NA,1.573,368,9.57336956521739,13,0.9950248756218906,8.5783446895955,5.453493127524158
A,2,A2,2133,h,1,FALSE,FALSE,NA,blue,14,selected,NA,NA,NA,1.31,350,6.094285714285714,14,0.9950248756218906,5.099260838663824,3.892565525697575
A,3,A3,1786,h,1,FALSE,FALSE,NA,tweed,15,control,NA,NA,NA,1.105,302,5.913907284768212,15,0.9950248756218906,4.918882409146321,4.4514772933450875
A,4,A4,4031,h,1,FALSE,FALSE,NA,blue,16,control,NA,NA,NA,1.084,310,13.003225806451614,16,0.9950248756218906,12.008200930829723,11.077676135451773
B,1,B1,3800,h,1,FALSE,FALSE,NA,tweed,17,selected,NA,NA,NA,1.234,316,12.025316455696203,17,0.9950248756218906,11.030291580074312,8.938647957920837
B,2,B2,1528,h,1,FALSE,FALSE,NA,blue,18,selected,NA,NA,NA,0.937,309,4.944983818770226,18,0.9950248756218906,3.949958943148336,4.215537826198864
B,3,B3,1846,h,1,FALSE,FALSE,NA,tweed,19,control,NA,NA,NA,0.93,256,7.2109375,19,0.9950248756218906,6.2159126243781095,6.683777015460333
B,4,B4,5884,h,1,FALSE,FALSE,NA,blue,20,control,NA,NA,NA,1.25,336,17.511904761904763,20,0.9950248756218906,16.516879886282872,13.213503909026297
C,1,C1,3283,h,1,FALSE,FALSE,NA,tweed,21,selected,NA,NA,NA,1.584,318,10.323899371069182,21,0.9950248756218906,9.328874495447291,5.889440969348037
C,3,C3,2129,h,1,FALSE,FALSE,NA,tweed,23,control,NA,NA,NA,1.307,317,6.71608832807571,23,0.9950248756218906,5.721063452453819,4.377248242122279
C,4,C4,6132,h,1,FALSE,FALSE,NA,blue,24,control,NA,NA,NA,1.215,306,20.03921568627451,24,0.9950248756218906,19.04419081065262,15.674231119878698
A,1,A1,6382,h,1.5,FALSE,FALSE,NA,tweed,13,selected,NA,NA,NA,1.573,368,17.342391304347824,13,0.9950248756218906,16.347366428725934,10.392477068484382
A,2,A2,3784,h,1.5,FALSE,FALSE,NA,blue,14,selected,NA,NA,NA,1.31,350,10.811428571428571,14,0.9950248756218906,9.816403695806681,7.493437935730291
A,3,A3,5348,h,1.5,FALSE,FALSE,NA,tweed,15,control,NA,NA,NA,1.105,302,17.70860927152318,15,0.9950248756218906,16.71358439590129,15.125415742897095
A,4,A4,5405,h,1.5,FALSE,FALSE,NA,blue,16,control,NA,NA,NA,1.084,310,17.43548387096774,16,0.9950248756218906,16.44045899534585,15.166475087957425
B,1,B1,5925,h,1.5,FALSE,FALSE,NA,tweed,17,selected,NA,NA,NA,1.234,316,18.75,17,0.9950248756218906,17.75497512437811,14.388148399009813
B,2,B2,2591,h,1.5,FALSE,FALSE,NA,blue,18,selected,NA,NA,NA,0.937,309,8.385113268608414,18,0.9950248756218906,7.390088392986524,7.886967335097677
B,3,B3,3591,h,1.5,FALSE,FALSE,NA,tweed,19,control,NA,NA,NA,0.93,256,14.02734375,19,0.9950248756218906,13.03231887437811,14.013246101481837
B,4,B4,8722,h,1.5,FALSE,FALSE,NA,blue,20,control,NA,NA,NA,1.25,336,25.958333333333332,20,0.9950248756218906,24.96330845771144,19.970646766169153
C,1,C1,4472,h,1.5,FALSE,FALSE,NA,tweed,21,selected,NA,NA,NA,1.584,318,14.062893081761006,21,0.9950248756218906,13.067868206139115,8.249916796804996
C,3,C3,2971,h,1.5,FALSE,FALSE,NA,tweed,23,control,NA,NA,NA,1.307,317,9.372239747634069,23,0.9950248756218906,8.377214872012178,6.409498754408706
C,4,C4,7356,h,1.5,FALSE,FALSE,NA,blue,24,control,NA,NA,NA,1.215,306,24.03921568627451,24,0.9950248756218906,23.04419081065262,18.966412189837545
A,1,A1,7725,h,2,FALSE,FALSE,NA,tweed,13,selected,NA,NA,NA,1.573,368,20.991847826086957,13,1.0099502487562189,19.981897577330738,12.703049953802122
A,2,A2,5003,h,2,FALSE,FALSE,NA,blue,14,selected,NA,NA,NA,1.31,350,14.294285714285714,14,1.0099502487562189,13.284335465529495,10.140714095824041
A,3,A3,7070,h,2,FALSE,FALSE,NA,tweed,15,control,NA,NA,NA,1.105,302,23.410596026490065,15,1.0099502487562189,22.400645777733846,20.27207762690846
A,4,A4,6695,h,2,FALSE,FALSE,NA,blue,16,control,NA,NA,NA,1.084,310,21.596774193548388,16,1.0099502487562189,20.58682394479217,18.991535004420818
B,1,B1,7831,h,2,FALSE,FALSE,NA,tweed,17,selected,NA,NA,NA,1.234,316,24.781645569620252,17,1.0099502487562189,23.771695320864033,19.263934619824987
B,2,B2,3490,h,2,FALSE,FALSE,NA,blue,18,selected,NA,NA,NA,0.937,309,11.294498381877023,18,1.0099502487562189,10.284548133120804,10.976038562562223
B,3,B3,5132,h,2,FALSE,FALSE,NA,tweed,19,control,NA,NA,NA,0.93,256,20.046875,19,1.0099502487562189,19.03692475124378,20.469811560477183
B,4,B4,9228,h,2,FALSE,FALSE,NA,blue,20,control,NA,NA,NA,1.25,336,27.464285714285715,20,1.0099502487562189,26.454335465529496,21.163468372423598
C,1,C1,5361,h,2,FALSE,FALSE,NA,tweed,21,selected,NA,NA,NA,1.584,318,16.858490566037737,21,1.0099502487562189,15.848540317281518,10.005391614445402
C,3,C3,4780,h,2,FALSE,FALSE,NA,tweed,23,control,NA,NA,NA,1.307,317,15.078864353312303,23,1.0099502487562189,14.068914104556084,10.764280110601442
C,4,C4,7841,h,2,FALSE,FALSE,NA,blue,24,control,NA,NA,NA,1.215,306,25.624183006535947,24,1.0099502487562189,24.614232757779728,20.258627784180845
A,1,A1,5561,h,2.5,FALSE,FALSE,NA,tweed,13,selected,NA,NA,NA,1.573,368,15.111413043478262,13,44.134328358208954,-29.022915314730692,-18.45067725030559
A,2,A2,7830,h,2.5,FALSE,FALSE,NA,blue,14,selected,NA,NA,NA,1.31,350,22.37142857142857,14,44.134328358208954,-21.762899786780384,-16.61290060059571
A,3,A3,7797,h,2.5,FALSE,FALSE,NA,tweed,15,control,NA,NA,NA,1.105,302,25.81788079470199,15,44.134328358208954,-18.316447563506966,-16.575970645707663
A,4,A4,8477,h,2.5,FALSE,FALSE,NA,blue,16,control,NA,NA,NA,1.084,310,27.34516129032258,16,44.134328358208954,-16.789167067886375,-15.488161501740198
B,1,B1,7779,h,2.5,FALSE,FALSE,NA,tweed,17,selected,NA,NA,NA,1.234,316,24.617088607594937,17,44.134328358208954,-19.517239750614017,-15.816239668244746
B,2,B2,5223,h,2.5,FALSE,FALSE,NA,blue,18,selected,NA,NA,NA,0.937,309,16.902912621359224,18,44.134328358208954,-27.23141573684973,-29.062343369103232
B,3,B3,3665,h,2.5,FALSE,FALSE,NA,tweed,19,control,NA,NA,NA,0.93,256,14.31640625,19,44.134328358208954,-29.817922108208954,-32.06228183678382
B,4,B4,6243,h,2.5,FALSE,FALSE,NA,blue,20,control,NA,NA,NA,1.25,336,18.580357142857142,20,44.134328358208954,-25.55397121535181,-20.44317697228145
C,1,C1,6762,h,2.5,FALSE,FALSE,NA,tweed,21,selected,NA,NA,NA,1.584,318,21.264150943396228,21,44.134328358208954,-22.870177414812726,-14.438243317432276
C,3,C3,210,h,2.5,FALSE,FALSE,NA,tweed,23,control,NA,NA,NA,1.307,317,0.6624605678233438,23,44.134328358208954,-43.47186779038561,-33.260801675888
C,4,C4,8795,h,2.5,FALSE,FALSE,NA,blue,24,control,NA,NA,NA,1.215,306,28.741830065359476,24,44.134328358208954,-15.392498292849478,-12.668722874773232
A,1,A1,9901,h,3,FALSE,FALSE,NA,tweed,13,selected,NA,NA,NA,1.573,368,26.904891304347824,13,1.0497512437810945,25.85514006056673,16.436834113519854
A,2,A2,8093,h,3,FALSE,FALSE,NA,blue,14,selected,NA,NA,NA,1.31,350,23.122857142857143,14,1.0497512437810945,22.073105899076047,16.849699159600036
A,3,A3,9037,h,3,FALSE,FALSE,NA,tweed,15,control,NA,NA,NA,1.105,302,29.923841059602648,15,1.0497512437810945,28.874089815821552,26.13039802336792
A,4,A4,9609,h,3,FALSE,FALSE,NA,blue,16,control,NA,NA,NA,1.084,310,30.996774193548386,16,1.0497512437810945,29.94702294976729,27.626404935209678
B,1,B1,8951,h,3,FALSE,FALSE,NA,tweed,17,selected,NA,NA,NA,1.234,316,28.325949367088608,17,1.0497512437810945,27.276198123307513,22.10388826848259
B,2,B2,5787,h,3,FALSE,FALSE,NA,blue,18,selected,NA,NA,NA,0.937,309,18.728155339805824,18,1.0497512437810945,17.678404096024728,18.86702678337751
B,3,B3,8816,h,3,FALSE,FALSE,NA,tweed,19,control,NA,NA,NA,0.93,256,34.4375,19,1.0497512437810945,33.387748756218905,35.900805114213874
B,4,B4,9863,h,3,FALSE,FALSE,NA,blue,20,control,NA,NA,NA,1.25,336,29.354166666666668,20,1.0497512437810945,28.304415422885572,22.643532338308457
C,1,C1,7593,h,3,FALSE,FALSE,NA,tweed,21,selected,NA,NA,NA,1.584,318,23.87735849056604,21,1.0497512437810945,22.827607246784943,14.41136821135413
C,3,C3,7579,h,3,FALSE,FALSE,NA,tweed,23,control,NA,NA,NA,1.307,317,23.90851735015773,23,1.0497512437810945,22.858766106376635,17.489492047725047
C,4,C4,8619,h,3,FALSE,FALSE,NA,blue,24,control,NA,NA,NA,1.215,306,28.166666666666668,24,1.0497512437810945,27.116915422885572,22.31844890772475
A,1,A1,8541,h,3.5,FALSE,FALSE,NA,tweed,13,selected,NA,NA,NA,1.573,368,23.20923913043478,13,1.054726368159204,22.154512762275576,14.084242061205071
A,2,A2,8782,h,3.5,FALSE,FALSE,NA,blue,14,selected,NA,NA,NA,1.31,350,25.091428571428573,14,1.054726368159204,24.036702203269368,18.348627636083485
A,3,A3,9398,h,3.5,FALSE,FALSE,NA,tweed,15,control,NA,NA,NA,1.105,302,31.119205298013245,15,1.054726368159204,30.06447892985404,27.207673239686915
A,4,A4,9775,h,3.5,FALSE,FALSE,NA,blue,16,control,NA,NA,NA,1.084,310,31.532258064516128,16,1.054726368159204,30.477531696356923,28.11580414793074
B,1,B1,8842,h,3.5,FALSE,FALSE,NA,tweed,17,selected,NA,NA,NA,1.234,316,27.981012658227847,17,1.054726368159204,26.926286290068642,21.82032924640895
B,2,B2,6560,h,3.5,FALSE,FALSE,NA,blue,18,selected,NA,NA,NA,0.937,309,21.22977346278317,18,1.054726368159204,20.175047094623967,21.53153371891565
B,3,B3,9565,h,3.5,FALSE,FALSE,NA,tweed,19,control,NA,NA,NA,0.93,256,37.36328125,19,1.054726368159204,36.3085548818408,39.04145686219441
B,4,B4,9662,h,3.5,FALSE,FALSE,NA,blue,20,control,NA,NA,NA,1.25,336,28.75595238095238,20,1.054726368159204,27.701226012793175,22.16098081023454
C,1,C1,8290,h,3.5,FALSE,FALSE,NA,tweed,21,selected,NA,NA,NA,1.584,318,26.069182389937108,21,1.054726368159204,25.014456021777903,15.791954559203221
C,3,C3,8053,h,3.5,FALSE,FALSE,NA,tweed,23,control,NA,NA,NA,1.307,317,25.40378548895899,23,1.054726368159204,24.349059120799787,18.62973153848492
C,4,C4,8683,h,3.5,FALSE,FALSE,NA,blue,24,control,NA,NA,NA,1.215,306,28.375816993464053,24,1.054726368159204,27.321090625304848,22.486494341814687
A,1,A1,8468,h,4,FALSE,FALSE,NA,tweed,13,selected,NA,NA,NA,1.573,368,23.01086956521739,13,1.0696517412935322,21.941217823923857,13.948644516162656
A,2,A2,8704,h,4,FALSE,FALSE,NA,blue,14,selected,NA,NA,NA,1.31,350,24.86857142857143,14,1.0696517412935322,23.798919687277895,18.167114265097627
A,3,A3,9745,h,4,FALSE,FALSE,NA,tweed,15,control,NA,NA,NA,1.105,302,32.2682119205298,15,1.0696517412935322,31.198560179236267,28.23399111243101
A,4,A4,9590,h,4,FALSE,FALSE,NA,blue,16,control,NA,NA,NA,1.084,310,30.93548387096774,16,1.0696517412935322,29.865832129674207,27.551505654681
B,1,B1,8895,h,4,FALSE,FALSE,NA,tweed,17,selected,NA,NA,NA,1.234,316,28.14873417721519,17,1.0696517412935322,27.079082435921656,21.944151082594534
B,2,B2,7094,h,4,FALSE,FALSE,NA,blue,18,selected,NA,NA,NA,0.937,309,22.957928802588995,18,1.0696517412935322,21.88827706129546,23.359954174274772
B,3,B3,9587,h,4,FALSE,FALSE,NA,tweed,19,control,NA,NA,NA,0.93,256,37.44921875,19,1.0696517412935322,36.379567008706466,39.117813987856415
B,4,B4,10118,h,4,FALSE,FALSE,NA,blue,20,control,NA,NA,NA,1.25,336,30.113095238095237,20,1.0696517412935322,29.043443496801704,23.23475479744136
C,1,C1,8666,h,4,FALSE,FALSE,NA,tweed,21,selected,NA,NA,NA,1.584,318,27.251572327044027,21,1.0696517412935322,26.181920585750493,16.528990268781875
C,3,C3,8659,h,4,FALSE,FALSE,NA,tweed,23,control,NA,NA,NA,1.307,317,27.315457413249213,23,1.0696517412935322,26.24580567195568,20.080953077242295
C,4,C4,8716,h,4,FALSE,FALSE,NA,blue,24,control,NA,NA,NA,1.215,306,28.483660130718953,24,1.0696517412935322,27.41400838942542,22.56296986783985
A,1,A1,279,i,0,FALSE,FALSE,NA,tweed,25,selected,NA,NA,NA,1.201,279,1,25,1,0,0
A,2,A2,431,i,0,FALSE,FALSE,NA,blue,26,selected,NA,NA,NA,1.251,431,1,26,1,0,0
A,3,A3,267,i,0,FALSE,FALSE,NA,tweed,27,control,NA,NA,NA,1.251,267,1,27,1,0,0
A,4,A4,404,i,0,FALSE,FALSE,NA,blue,28,control,NA,NA,NA,1.243,404,1,28,1,0,0
B,1,B1,279,i,0,FALSE,FALSE,NA,tweed,29,selected,NA,NA,NA,1.13,279,1,29,1,0,0
B,2,B2,298,i,0,FALSE,FALSE,NA,blue,30,selected,NA,NA,NA,0.826,298,1,30,1,0,0
B,3,B3,311,i,0,FALSE,FALSE,NA,tweed,31,control,NA,NA,NA,1.064,311,1,31,1,0,0
B,4,B4,262,i,0,FALSE,FALSE,NA,blue,32,control,NA,NA,NA,0.926,262,1,32,1,0,0
C,1,C1,301,i,0,FALSE,FALSE,NA,tweed,33,selected,NA,NA,NA,1.221,301,1,33,1,0,0
C,2,C2,300,i,0,FALSE,FALSE,NA,blue,34,selected,NA,NA,NA,1.367,300,1,34,1,0,0
C,4,C4,303,i,0,FALSE,FALSE,NA,blue,36,control,NA,NA,NA,0.955,303,1,36,1,0,0
A,1,A1,1008,i,0.5,FALSE,FALSE,NA,tweed,25,selected,NA,NA,NA,1.201,279,3.6129032258064515,25,1,2.6129032258064515,2.17560634954742
A,2,A2,1593,i,0.5,FALSE,FALSE,NA,blue,26,selected,NA,NA,NA,1.251,431,3.6960556844547563,26,1,2.6960556844547563,2.155120451202843
A,3,A3,933,i,0.5,FALSE,FALSE,NA,tweed,27,control,NA,NA,NA,1.251,267,3.49438202247191,27,1,2.49438202247191,1.9939104895858595
A,4,A4,2455,i,0.5,FALSE,FALSE,NA,blue,28,control,NA,NA,NA,1.243,404,6.076732673267327,28,1,5.076732673267327,4.084257983320456
B,1,B1,819,i,0.5,FALSE,FALSE,NA,tweed,29,selected,NA,NA,NA,1.13,279,2.935483870967742,29,1,1.935483870967742,1.7128175849272054
B,2,B2,753,i,0.5,FALSE,FALSE,NA,blue,30,selected,NA,NA,NA,0.826,298,2.5268456375838926,30,1,1.5268456375838926,1.848481401433284
B,3,B3,930,i,0.5,FALSE,FALSE,NA,tweed,31,control,NA,NA,NA,1.064,311,2.990353697749196,31,1,1.990353697749196,1.8706331745763118
B,4,B4,1228,i,0.5,FALSE,FALSE,NA,blue,32,control,NA,NA,NA,0.926,262,4.687022900763359,32,1,3.687022900763359,3.981666199528465
C,1,C1,1113,i,0.5,FALSE,FALSE,NA,tweed,33,selected,NA,NA,NA,1.221,301,3.697674418604651,33,1,2.697674418604651,2.2093975582347674
C,2,C2,1072,i,0.5,FALSE,FALSE,NA,blue,34,selected,NA,NA,NA,1.367,300,3.5733333333333333,34,1,2.5733333333333333,1.88246769080712
C,4,C4,1772,i,0.5,FALSE,FALSE,NA,blue,36,control,NA,NA,NA,0.955,303,5.848184818481848,36,1,4.848184818481848,5.07663331778204
A,1,A1,2220,i,1,FALSE,FALSE,NA,tweed,25,selected,NA,NA,NA,1.201,279,7.956989247311828,25,1.0047846889952152,6.9522045583166125,5.788679898681608
A,2,A2,2913,i,1,FALSE,FALSE,NA,blue,26,selected,NA,NA,NA,1.251,431,6.758700696055684,26,1.0047846889952152,5.753916007060469,4.599453243053932
A,3,A3,1527,i,1,FALSE,FALSE,NA,tweed,27,control,NA,NA,NA,1.251,267,5.719101123595506,27,1.0047846889952152,4.71431643460029,3.7684383969626625
A,4,A4,4886,i,1,FALSE,FALSE,NA,blue,28,control,NA,NA,NA,1.243,404,12.094059405940595,28,1.0047846889952152,11.08927471694538,8.921379498749298
B,1,B1,2423,i,1,FALSE,FALSE,NA,tweed,29,selected,NA,NA,NA,1.13,279,8.684587813620071,29,1.0047846889952152,7.679803124624856,6.796285950995449
B,2,B2,1427,i,1,FALSE,FALSE,NA,blue,30,selected,NA,NA,NA,0.826,298,4.7885906040268456,30,1.0047846889952152,3.78380591503163,4.580878831757421
B,3,B3,1431,i,1,FALSE,FALSE,NA,tweed,31,control,NA,NA,NA,1.064,311,4.601286173633441,31,1.0047846889952152,3.5965014846382255,3.380170568269009
B,4,B4,2689,i,1,FALSE,FALSE,NA,blue,32,control,NA,NA,NA,0.926,262,10.263358778625955,32,1.0047846889952152,9.25857408963074,9.99846013999
C,1,C1,2037,i,1,FALSE,FALSE,NA,tweed,33,selected,NA,NA,NA,1.221,301,6.767441860465116,33,1.0047846889952152,5.7626571714699,4.7196209430547915
C,2,C2,2559,i,1,FALSE,FALSE,NA,blue,34,selected,NA,NA,NA,1.367,300,8.53,34,1.0047846889952152,7.525215311004784,5.504912444041539
C,4,C4,4486,i,1,FALSE,FALSE,NA,blue,36,control,NA,NA,NA,0.955,303,14.805280528052805,36,1.0047846889952152,13.80049583905759,14.450780983306377
A,1,A1,3473,i,1.5,FALSE,FALSE,NA,tweed,25,selected,NA,NA,NA,1.201,279,12.448028673835125,25,0.9856459330143541,11.462382740820772,9.544032257136362
A,2,A2,4846,i,1.5,FALSE,FALSE,NA,blue,26,selected,NA,NA,NA,1.251,431,11.243619489559165,26,0.9856459330143541,10.257973556544812,8.199818990043815
A,3,A3,3739,i,1.5,FALSE,FALSE,NA,tweed,27,control,NA,NA,NA,1.251,267,14.00374531835206,27,0.9856459330143541,13.018099385337706,10.406154584602485
A,4,A4,5860,i,1.5,FALSE,FALSE,NA,blue,28,control,NA,NA,NA,1.243,404,14.504950495049505,28,0.9856459330143541,13.51930456203515,10.876351216440185
B,1,B1,4657,i,1.5,FALSE,FALSE,NA,tweed,29,selected,NA,NA,NA,1.13,279,16.691756272401435,29,0.9856459330143541,15.706110339387081,13.899212689723083
B,2,B2,3133,i,1.5,FALSE,FALSE,NA,blue,30,selected,NA,NA,NA,0.826,298,10.513422818791947,30,0.9856459330143541,9.527776885777593,11.534838844767062
B,3,B3,2055,i,1.5,FALSE,FALSE,NA,tweed,31,control,NA,NA,NA,1.064,311,6.607717041800643,31,0.9856459330143541,5.6220711087862885,5.283901418032226
B,4,B4,4077,i,1.5,FALSE,FALSE,NA,blue,32,control,NA,NA,NA,0.926,262,15.561068702290076,32,0.9856459330143541,14.575422769275722,15.740197375027776
C,1,C1,3915,i,1.5,FALSE,FALSE,NA,tweed,33,selected,NA,NA,NA,1.221,301,13.006644518272426,33,0.9856459330143541,12.020998585258072,9.845207686534046
C,2,C2,3901,i,1.5,FALSE,FALSE,NA,blue,34,selected,NA,NA,NA,1.367,300,13.003333333333334,34,0.9856459330143541,12.01768740031898,8.791285589114104
C,4,C4,7007,i,1.5,FALSE,FALSE,NA,blue,36,control,NA,NA,NA,0.955,303,23.125412541254125,36,0.9856459330143541,22.13976660823977,23.183001684020702
A,1,A1,4349,i,2,FALSE,FALSE,NA,tweed,25,selected,NA,NA,NA,1.201,279,15.587813620071685,25,0.9904306220095693,14.597382998062116,12.15435720071783
A,2,A2,6999,i,2,FALSE,FALSE,NA,blue,26,selected,NA,NA,NA,1.251,431,16.238979118329468,26,0.9904306220095693,15.248548496319899,12.189087527034292
A,3,A3,6278,i,2,FALSE,FALSE,NA,tweed,27,control,NA,NA,NA,1.251,267,23.51310861423221,27,0.9904306220095693,22.52267799222264,18.003739402256308
A,4,A4,8043,i,2,FALSE,FALSE,NA,blue,28,control,NA,NA,NA,1.243,404,19.90841584158416,28,0.9904306220095693,18.91798521957459,15.219618036664995
B,1,B1,6396,i,2,FALSE,FALSE,NA,tweed,29,selected,NA,NA,NA,1.13,279,22.9247311827957,29,0.9904306220095693,21.93430056078613,19.410885452023127
B,2,B2,4216,i,2,FALSE,FALSE,NA,blue,30,selected,NA,NA,NA,0.826,298,14.14765100671141,30,0.9904306220095693,13.15722038470184,15.928838238137823
B,3,B3,2811,i,2,FALSE,FALSE,NA,tweed,31,control,NA,NA,NA,1.064,311,9.038585209003216,31,0.9904306220095693,8.048154586993647,7.564055062963954
B,4,B4,4548,i,2,FALSE,FALSE,NA,blue,32,control,NA,NA,NA,0.926,262,17.358778625954198,32,0.9904306220095693,16.36834800394463,17.67640173212163
C,1,C1,5500,i,2,FALSE,FALSE,NA,tweed,33,selected,NA,NA,NA,1.221,301,18.272425249169434,33,0.9904306220095693,17.281994627159865,14.153967753611681
C,2,C2,6802,i,2,FALSE,FALSE,NA,blue,34,selected,NA,NA,NA,1.367,300,22.673333333333332,34,0.9904306220095693,21.682902711323763,15.86166986929317
C,4,C4,7578,i,2,FALSE,FALSE,NA,blue,36,control,NA,NA,NA,0.955,303,25.00990099009901,36,0.9904306220095693,24.01947036808944,25.151277872344963
A,1,A1,5655,i,2.5,FALSE,FALSE,NA,tweed,25,selected,NA,NA,NA,1.201,279,20.268817204301076,25,1,19.268817204301076,16.043977688843526
A,2,A2,8191,i,2.5,FALSE,FALSE,NA,blue,26,selected,NA,NA,NA,1.251,431,19.004640371229698,26,1,18.004640371229698,14.392198538153236
A,3,A3,7930,i,2.5,FALSE,FALSE,NA,tweed,27,control,NA,NA,NA,1.251,267,29.700374531835205,27,1,28.700374531835205,22.941946068613277
A,4,A4,8557,i,2.5,FALSE,FALSE,NA,blue,28,control,NA,NA,NA,1.243,404,21.18069306930693,28,1,20.18069306930693,16.235473104832604
B,1,B1,7788,i,2.5,FALSE,FALSE,NA,tweed,29,selected,NA,NA,NA,1.13,279,27.913978494623656,29,1,26.913978494623656,23.817680083737752
B,2,B2,5446,i,2.5,FALSE,FALSE,NA,blue,30,selected,NA,NA,NA,0.826,298,18.2751677852349,30,1,17.2751677852349,20.914246713359443
B,3,B3,3726,i,2.5,FALSE,FALSE,NA,tweed,31,control,NA,NA,NA,1.064,311,11.980707395498392,31,1,10.980707395498392,10.320213717573676
B,4,B4,6313,i,2.5,FALSE,FALSE,NA,blue,32,control,NA,NA,NA,0.926,262,24.095419847328245,32,1,23.095419847328245,24.941058150462467
C,1,C1,7107,i,2.5,FALSE,FALSE,NA,tweed,33,selected,NA,NA,NA,1.221,301,23.611295681063122,33,1,22.611295681063122,18.518669681460377
C,2,C2,9119,i,2.5,FALSE,FALSE,NA,blue,34,selected,NA,NA,NA,1.367,300,30.39666666666667,34,1,29.39666666666667,21.504511094854916
C,4,C4,8860,i,2.5,FALSE,FALSE,NA,blue,36,control,NA,NA,NA,0.955,303,29.24092409240924,36,1,28.24092409240924,29.571648264302873
A,1,A1,9014,i,3,FALSE,FALSE,NA,tweed,25,selected,NA,NA,NA,1.201,279,32.308243727598565,25,1.014354066985646,31.29388966061292,26.05652761083507
A,2,A2,9610,i,3,FALSE,FALSE,NA,blue,26,selected,NA,NA,NA,1.251,431,22.296983758700698,26,1.014354066985646,21.28262969171505,17.012493758365352
A,3,A3,9546,i,3,FALSE,FALSE,NA,tweed,27,control,NA,NA,NA,1.251,267,35.752808988764045,27,1.014354066985646,34.7384549217784,27.768549098144206
A,4,A4,9137,i,3,FALSE,FALSE,NA,blue,28,control,NA,NA,NA,1.243,404,22.616336633663366,28,1.014354066985646,21.60198256667772,17.37890793779382
B,1,B1,9523,i,3,FALSE,FALSE,NA,tweed,29,selected,NA,NA,NA,1.13,279,34.132616487455195,29,1.014354066985646,33.11826242046955,29.30819683227394
B,2,B2,7039,i,3,FALSE,FALSE,NA,blue,30,selected,NA,NA,NA,0.826,298,23.620805369127517,30,1.014354066985646,22.60645130214187,27.3685851115519
B,3,B3,7971,i,3,FALSE,FALSE,NA,tweed,31,control,NA,NA,NA,1.064,311,25.630225080385852,31,1.014354066985646,24.615871013400206,23.135217117857334
B,4,B4,7634,i,3,FALSE,FALSE,NA,blue,32,control,NA,NA,NA,0.926,262,29.137404580152673,32,1.014354066985646,28.123050513167026,30.370464917027025
C,1,C1,9154,i,3,FALSE,FALSE,NA,tweed,33,selected,NA,NA,NA,1.221,301,30.411960132890364,33,1.014354066985646,29.397606065904718,24.076663444639408
C,2,C2,10838,i,3,FALSE,FALSE,NA,blue,34,selected,NA,NA,NA,1.367,300,36.126666666666665,34,1.014354066985646,35.11231259968102,25.685671250681068
C,4,C4,9796,i,3,FALSE,FALSE,NA,blue,36,control,NA,NA,NA,0.955,303,32.33003300330033,36,1.014354066985646,31.315678936314683,32.79128684430857
A,1,A1,9682,i,3.5,FALSE,FALSE,NA,tweed,25,selected,NA,NA,NA,1.201,279,34.702508960573475,25,1.0191387559808613,33.68337020459261,28.046103417645803
A,2,A2,10083,i,3.5,FALSE,FALSE,NA,blue,26,selected,NA,NA,NA,1.251,431,23.394431554524363,26,1.0191387559808613,22.3752927985435,17.885925498436055
A,3,A3,9823,i,3.5,FALSE,FALSE,NA,tweed,27,control,NA,NA,NA,1.251,267,36.79026217228464,27,1.0191387559808613,35.77112341630378,28.59402351423164
A,4,A4,9199,i,3.5,FALSE,FALSE,NA,blue,28,control,NA,NA,NA,1.243,404,22.769801980198018,28,1.0191387559808613,21.750663224217156,17.498522304277678
B,1,B1,9758,i,3.5,FALSE,FALSE,NA,tweed,29,selected,NA,NA,NA,1.13,279,34.97491039426523,29,1.0191387559808613,33.95577163828437,30.049355432110062
B,2,B2,7618,i,3.5,FALSE,FALSE,NA,blue,30,selected,NA,NA,NA,0.826,298,25.563758389261746,30,1.0191387559808613,24.544619633280885,29.71503587564272
B,3,B3,9004,i,3.5,FALSE,FALSE,NA,tweed,31,control,NA,NA,NA,1.064,311,28.95176848874598,31,1.0191387559808613,27.93262973276512,26.252471553350674
B,4,B4,7737,i,3.5,FALSE,FALSE,NA,blue,32,control,NA,NA,NA,0.926,262,29.53053435114504,32,1.0191387559808613,28.511395595164178,30.78984405525289
C,1,C1,9875,i,3.5,FALSE,FALSE,NA,tweed,33,selected,NA,NA,NA,1.221,301,32.80730897009967,33,1.0191387559808613,31.788170214118807,26.034537439900742
C,2,C2,11013,i,3.5,FALSE,FALSE,NA,blue,34,selected,NA,NA,NA,1.367,300,36.71,34,1.0191387559808613,35.69086124401914,26.108896301403906
C,4,C4,10220,i,3.5,FALSE,FALSE,NA,blue,36,control,NA,NA,NA,0.955,303,33.72937293729373,36,1.0191387559808613,32.71023418131287,34.25155411655798
A,1,A1,9971,i,4,FALSE,FALSE,NA,tweed,25,selected,NA,NA,NA,1.201,279,35.738351254480285,25,1.0287081339712918,34.70964312050899,28.900618751464606
A,2,A2,10446,i,4,FALSE,FALSE,NA,blue,26,selected,NA,NA,NA,1.251,431,24.23665893271462,26,1.0287081339712918,23.207950798743326,18.551519423455897
A,3,A3,9939,i,4,FALSE,FALSE,NA,tweed,27,control,NA,NA,NA,1.251,267,37.2247191011236,27,1.0287081339712918,36.196010967152304,28.933661844246448
A,4,A4,8943,i,4,FALSE,FALSE,NA,blue,28,control,NA,NA,NA,1.243,404,22.136138613861387,28,1.0287081339712918,21.107430479890095,16.981038197819867
B,1,B1,9981,i,4,FALSE,FALSE,NA,tweed,29,selected,NA,NA,NA,1.13,279,35.774193548387096,29,1.0287081339712918,34.7454854144158,30.748217180898944
B,2,B2,8333,i,4,FALSE,FALSE,NA,blue,30,selected,NA,NA,NA,0.826,298,27.963087248322147,30,1.0287081339712918,26.934379114350854,32.60820716023106
B,3,B3,9588,i,4,FALSE,FALSE,NA,tweed,31,control,NA,NA,NA,1.064,311,30.829581993569132,31,1.0287081339712918,29.80087385959784,28.00834009360699
B,4,B4,7920,i,4,FALSE,FALSE,NA,blue,32,control,NA,NA,NA,0.926,262,30.229007633587788,32,1.0287081339712918,29.200299499616495,31.53380075552537
C,1,C1,10204,i,4,FALSE,FALSE,NA,tweed,33,selected,NA,NA,NA,1.221,301,33.90033222591362,33,1.0287081339712918,32.87162409194233,26.92188705318782
C,2,C2,11145,i,4,FALSE,FALSE,NA,blue,34,selected,NA,NA,NA,1.367,300,37.15,34,1.0287081339712918,36.121291866028706,26.423768738865185
C,4,C4,10373,i,4,FALSE,FALSE,NA,blue,36,control,NA,NA,NA,0.955,303,34.23432343234323,36,1.0287081339712918,33.20561529837194,34.770277799342345
A,1,A1,374,j,0,FALSE,FALSE,NA,tweed,37,selected,NA,NA,NA,1.376,374,1,37,1,0,0
A,2,A2,402,j,0,FALSE,FALSE,NA,blue,38,selected,NA,NA,NA,1.276,402,1,38,1,0,0
A,3,A3,253,j,0,FALSE,FALSE,NA,tweed,39,control,NA,NA,NA,0.858,253,1,39,1,0,0
A,4,A4,395,j,0,FALSE,FALSE,NA,blue,40,control,NA,NA,NA,1.083,395,1,40,1,0,0
B,2,B2,305,j,0,FALSE,FALSE,NA,blue,42,selected,NA,NA,NA,1.163,305,1,42,1,0,0
B,3,B3,366,j,0,FALSE,FALSE,NA,tweed,43,control,NA,NA,NA,1.15,366,1,43,1,0,0
B,4,B4,381,j,0,FALSE,FALSE,NA,blue,44,control,NA,NA,NA,0.918,381,1,44,1,0,0
C,1,C1,407,j,0,FALSE,FALSE,NA,tweed,45,selected,NA,NA,NA,1.867,407,1,45,1,0,0
C,2,C2,355,j,0,FALSE,FALSE,NA,blue,46,selected,NA,NA,NA,1.13,355,1,46,1,0,0
C,3,C3,290,j,0,FALSE,FALSE,NA,tweed,47,control,NA,NA,NA,1.027,290,1,47,1,0,0
A,1,A1,1654,j,0.5,FALSE,FALSE,NA,tweed,37,selected,NA,NA,NA,1.376,374,4.422459893048129,37,1.0046948356807512,3.4177650573673777,2.483840884714664
A,2,A2,1639,j,0.5,FALSE,FALSE,NA,blue,38,selected,NA,NA,NA,1.276,402,4.077114427860696,38,1.0046948356807512,3.072419592179945,2.407852344968609
A,3,A3,1119,j,0.5,FALSE,FALSE,NA,tweed,39,control,NA,NA,NA,0.858,253,4.4229249011857705,39,1.0046948356807512,3.4182300655050195,3.9839511252972257
A,4,A4,2354,j,0.5,FALSE,FALSE,NA,blue,40,control,NA,NA,NA,1.083,395,5.959493670886076,40,1.0046948356807512,4.954798835205325,4.575068176551547
B,2,B2,878,j,0.5,FALSE,FALSE,NA,blue,42,selected,NA,NA,NA,1.163,305,2.878688524590164,42,1.0046948356807512,1.8739936889094129,1.6113445304466145
B,3,B3,935,j,0.5,FALSE,FALSE,NA,tweed,43,control,NA,NA,NA,1.15,366,2.5546448087431695,43,1.0046948356807512,1.5499499730624182,1.347782585271668
B,4,B4,1931,j,0.5,FALSE,FALSE,NA,blue,44,control,NA,NA,NA,0.918,381,5.0682414698162725,44,1.0046948356807512,4.0635466341355215,4.426521387947191
C,1,C1,3216,j,0.5,FALSE,FALSE,NA,tweed,45,selected,NA,NA,NA,1.867,407,7.901719901719901,45,1.0046948356807512,6.89702506603915,3.6941751826669256
C,2,C2,1559,j,0.5,FALSE,FALSE,NA,blue,46,selected,NA,NA,NA,1.13,355,4.391549295774648,46,1.0046948356807512,3.386854460093897,2.9972163363662805
C,3,C3,954,j,0.5,FALSE,FALSE,NA,tweed,47,control,NA,NA,NA,1.027,290,3.2896551724137932,47,1.0046948356807512,2.284960336733042,2.224888351249311
A,1,A1,2979,j,1,FALSE,FALSE,NA,tweed,37,selected,NA,NA,NA,1.376,374,7.96524064171123,37,0.9859154929577465,6.9793251487534835,5.072183974384799
A,2,A2,3962,j,1,FALSE,FALSE,NA,blue,38,selected,NA,NA,NA,1.276,402,9.855721393034825,38,0.9859154929577465,8.869805900077079,6.951258542380156
A,3,A3,1352,j,1,FALSE,FALSE,NA,tweed,39,control,NA,NA,NA,0.858,253,5.3438735177865615,39,0.9859154929577465,4.357958024828815,5.07920515714314
A,4,A4,5136,j,1,FALSE,FALSE,NA,blue,40,control,NA,NA,NA,1.083,395,13.00253164556962,40,0.9859154929577465,12.016616152611874,11.095675117831833
B,2,B2,1621,j,1,FALSE,FALSE,NA,blue,42,selected,NA,NA,NA,1.163,305,5.314754098360655,42,0.9859154929577465,4.328838605402909,3.722131217027437
B,3,B3,1291,j,1,FALSE,FALSE,NA,tweed,43,control,NA,NA,NA,1.15,366,3.5273224043715845,43,0.9859154929577465,2.541406911413838,2.2099190534033375
B,4,B4,5538,j,1,FALSE,FALSE,NA,blue,44,control,NA,NA,NA,0.918,381,14.535433070866143,44,0.9859154929577465,13.549517577908397,14.759823069616989
C,1,C1,6203,j,1,FALSE,FALSE,NA,tweed,45,selected,NA,NA,NA,1.867,407,15.24078624078624,45,0.9859154929577465,14.254870747828495,7.635174476608728
C,2,C2,3995,j,1,FALSE,FALSE,NA,blue,46,selected,NA,NA,NA,1.13,355,11.253521126760564,46,0.9859154929577465,10.267605633802818,9.08637666708214
C,3,C3,1869,j,1,FALSE,FALSE,NA,tweed,47,control,NA,NA,NA,1.027,290,6.444827586206896,47,0.9859154929577465,5.45891209324915,5.315396390700244
A,1,A1,4339,j,1.5,FALSE,FALSE,NA,tweed,37,selected,NA,NA,NA,1.376,374,11.601604278074866,37,0.9812206572769953,10.62038362079787,7.718302049998453
A,2,A2,5881,j,1.5,FALSE,FALSE,NA,blue,38,selected,NA,NA,NA,1.276,402,14.629353233830846,38,0.9812206572769953,13.64813257655385,10.696028665010854
A,3,A3,2062,j,1.5,FALSE,FALSE,NA,tweed,39,control,NA,NA,NA,0.858,253,8.150197628458498,39,0.9812206572769953,7.168976971181503,8.355451015363057
A,4,A4,8298,j,1.5,FALSE,FALSE,NA,blue,40,control,NA,NA,NA,1.083,395,21.00759493670886,40,0.9812206572769953,20.026374279431863,18.49157366521871
B,2,B2,3121,j,1.5,FALSE,FALSE,NA,blue,42,selected,NA,NA,NA,1.163,305,10.232786885245902,42,0.9812206572769953,9.251566227968906,7.954915071340418
B,3,B3,2107,j,1.5,FALSE,FALSE,NA,tweed,43,control,NA,NA,NA,1.15,366,5.756830601092896,43,0.9812206572769953,4.775609943815901,4.152704298970349
B,4,B4,9395,j,1.5,FALSE,FALSE,NA,blue,44,control,NA,NA,NA,0.918,381,24.658792650918635,44,0.9812206572769953,23.67757199364164,25.792562084576947
C,1,C1,6351,j,1.5,FALSE,FALSE,NA,tweed,45,selected,NA,NA,NA,1.867,407,15.604422604422604,45,0.9812206572769953,14.623201947145608,7.832459532482918
C,2,C2,6851,j,1.5,FALSE,FALSE,NA,blue,46,selected,NA,NA,NA,1.13,355,19.298591549295775,46,0.9812206572769953,18.31737089201878,16.210062736299808
C,3,C3,2483,j,1.5,FALSE,FALSE,NA,tweed,47,control,NA,NA,NA,1.027,290,8.562068965517241,47,0.9812206572769953,7.580848308240246,7.381546551353697
A,1,A1,5391,j,2,FALSE,FALSE,NA,tweed,37,selected,NA,NA,NA,1.376,374,14.414438502673796,37,0.9859154929577465,13.42852300971605,9.759101024502945
A,2,A2,6848,j,2,FALSE,FALSE,NA,blue,38,selected,NA,NA,NA,1.276,402,17.034825870646767,38,0.9859154929577465,16.04891037768902,12.57751596997572
A,3,A3,2455,j,2,FALSE,FALSE,NA,tweed,39,control,NA,NA,NA,0.858,253,9.703557312252965,39,0.9859154929577465,8.717641819295219,10.160421700810279
A,4,A4,8636,j,2,FALSE,FALSE,NA,blue,40,control,NA,NA,NA,1.083,395,21.863291139240506,40,0.9859154929577465,20.877375646282758,19.277355167389434
B,2,B2,4257,j,2,FALSE,FALSE,NA,blue,42,selected,NA,NA,NA,1.163,305,13.957377049180328,42,0.9859154929577465,12.971461556222582,11.153449317474275
B,3,B3,2821,j,2,FALSE,FALSE,NA,tweed,43,control,NA,NA,NA,1.15,366,7.7076502732240435,43,0.9859154929577465,6.7217347802662974,5.8449867654489545
B,4,B4,11079,j,2,FALSE,FALSE,NA,blue,44,control,NA,NA,NA,0.918,381,29.078740157480315,44,0.9859154929577465,28.092824664522567,30.602205516909113
C,1,C1,5371,j,2,FALSE,FALSE,NA,tweed,45,selected,NA,NA,NA,1.867,407,13.196560196560197,45,0.9859154929577465,12.210644703602451,6.540248903911329
C,2,C2,8730,j,2,FALSE,FALSE,NA,blue,46,selected,NA,NA,NA,1.13,355,24.591549295774648,46,0.9859154929577465,23.6056338028169,20.889941418422037
C,3,C3,3421,j,2,FALSE,FALSE,NA,tweed,47,control,NA,NA,NA,1.027,290,11.796551724137931,47,0.9859154929577465,10.810636231180185,10.52642281517058
A,1,A1,6287,j,2.5,FALSE,FALSE,NA,tweed,37,selected,NA,NA,NA,1.376,374,16.810160427807485,37,0.9859154929577465,15.82424493484974,11.50017800497801
A,2,A2,8295,j,2.5,FALSE,FALSE,NA,blue,38,selected,NA,NA,NA,1.276,402,20.634328358208954,38,0.9859154929577465,19.648412865251206,15.398442684366149
A,3,A3,3385,j,2.5,FALSE,FALSE,NA,tweed,39,control,NA,NA,NA,0.858,253,13.379446640316205,39,0.9859154929577465,12.393531147358459,14.44467499692128
A,4,A4,7246,j,2.5,FALSE,FALSE,NA,blue,40,control,NA,NA,NA,1.083,395,18.344303797468353,40,0.9859154929577465,17.358388304510605,16.028059376279415
B,2,B2,5079,j,2.5,FALSE,FALSE,NA,blue,42,selected,NA,NA,NA,1.163,305,16.652459016393443,42,0.9859154929577465,15.666543523435697,13.470802685671279
B,3,B3,3657,j,2.5,FALSE,FALSE,NA,tweed,43,control,NA,NA,NA,1.15,366,9.991803278688524,43,0.9859154929577465,9.005887785730778,7.831206770200677
B,4,B4,10903,j,2.5,FALSE,FALSE,NA,blue,44,control,NA,NA,NA,0.918,381,28.616797900262466,44,0.9859154929577465,27.630882407304718,30.099000443687054
C,1,C1,5136,j,2.5,FALSE,FALSE,NA,tweed,45,selected,NA,NA,NA,1.867,407,12.61916461916462,45,0.9859154929577465,11.633249126206874,6.230985070276847
C,2,C2,10276,j,2.5,FALSE,FALSE,NA,blue,46,selected,NA,NA,NA,1.13,355,28.946478873239435,46,0.9859154929577465,27.960563380281688,24.74386139847937
C,3,C3,3961,j,2.5,FALSE,FALSE,NA,tweed,47,control,NA,NA,NA,1.027,290,13.658620689655173,47,0.9859154929577465,12.672705196697427,12.339537679354848
A,1,A1,9090,j,3,FALSE,FALSE,NA,tweed,37,selected,NA,NA,NA,1.376,374,24.3048128342246,37,0.9953051643192489,23.30950766990535,16.940049178710286
A,2,A2,10310,j,3,FALSE,FALSE,NA,blue,38,selected,NA,NA,NA,1.276,402,25.64676616915423,38,0.9953051643192489,24.65146100483498,19.319326806297006
A,3,A3,4560,j,3,FALSE,FALSE,NA,tweed,39,control,NA,NA,NA,0.858,253,18.023715415019762,39,0.9953051643192489,17.028410250700514,19.846631993823443
A,4,A4,6720,j,3,FALSE,FALSE,NA,blue,40,control,NA,NA,NA,1.083,395,17.0126582278481,40,0.9953051643192489,16.01735306352885,14.789799689315652
B,2,B2,7150,j,3,FALSE,FALSE,NA,blue,42,selected,NA,NA,NA,1.163,305,23.442622950819672,42,0.9953051643192489,22.447317786500424,19.30121907695651
B,3,B3,6323,j,3,FALSE,FALSE,NA,tweed,43,control,NA,NA,NA,1.15,366,17.275956284153004,43,0.9953051643192489,16.280651119833756,14.157087930290224
B,4,B4,10713,j,3,FALSE,FALSE,NA,blue,44,control,NA,NA,NA,0.918,381,28.118110236220474,44,0.9953051643192489,27.122805071901226,29.545539294010048
C,1,C1,6200,j,3,FALSE,FALSE,NA,tweed,45,selected,NA,NA,NA,1.867,407,15.233415233415233,45,0.9953051643192489,14.238110069095985,7.626197144668444
C,2,C2,10785,j,3,FALSE,FALSE,NA,blue,46,selected,NA,NA,NA,1.13,355,30.380281690140844,46,0.9953051643192489,29.384976525821596,26.00440400515186
C,3,C3,5214,j,3,FALSE,FALSE,NA,tweed,47,control,NA,NA,NA,1.027,290,17.979310344827585,47,0.9953051643192489,16.984005180508337,16.537492872938987
A,1,A1,9707,j,3.5,FALSE,FALSE,NA,tweed,37,selected,NA,NA,NA,1.376,374,25.954545454545453,37,0.9953051643192489,24.959240290226205,18.138982769059744
A,2,A2,10754,j,3.5,FALSE,FALSE,NA,blue,38,selected,NA,NA,NA,1.276,402,26.751243781094526,38,0.9953051643192489,25.75593861677528,20.18490487208094
A,3,A3,4920,j,3.5,FALSE,FALSE,NA,tweed,39,control,NA,NA,NA,0.858,253,19.446640316205535,39,0.9953051643192489,18.451335151886287,21.50505262457609
A,4,A4,6770,j,3.5,FALSE,FALSE,NA,blue,40,control,NA,NA,NA,1.083,395,17.139240506329113,40,0.9953051643192489,16.143935342009865,14.906680832880761
B,2,B2,7734,j,3.5,FALSE,FALSE,NA,blue,42,selected,NA,NA,NA,1.163,305,25.35737704918033,42,0.9953051643192489,24.36207188486108,20.947611250955358
B,3,B3,7273,j,3.5,FALSE,FALSE,NA,tweed,43,control,NA,NA,NA,1.15,366,19.871584699453553,43,0.9953051643192489,18.876279535134305,16.414156117508092
B,4,B4,10706,j,3.5,FALSE,FALSE,NA,blue,44,control,NA,NA,NA,0.918,381,28.099737532808398,44,0.9953051643192489,27.10443236848915,29.525525455870532
C,1,C1,5551,j,3.5,FALSE,FALSE,NA,tweed,45,selected,NA,NA,NA,1.867,407,13.638820638820638,45,0.9953051643192489,12.64351547450139,6.772102557311939
C,2,C2,10518,j,3.5,FALSE,FALSE,NA,blue,46,selected,NA,NA,NA,1.13,355,29.628169014084506,46,0.9953051643192489,28.632863849765258,25.338817566163947
C,3,C3,5515,j,3.5,FALSE,FALSE,NA,tweed,47,control,NA,NA,NA,1.027,290,19.017241379310345,47,0.9953051643192489,18.021936214991097,17.548136528715773
A,1,A1,9940,j,4,FALSE,FALSE,NA,tweed,37,selected,NA,NA,NA,1.376,374,26.577540106951872,37,0.9953051643192489,25.582234942632624,18.591740510634175
A,2,A2,10982,j,4,FALSE,FALSE,NA,blue,38,selected,NA,NA,NA,1.276,402,27.318407960199004,38,0.9953051643192489,26.323102795879755,20.629390905861875
A,3,A3,5460,j,4,FALSE,FALSE,NA,tweed,39,control,NA,NA,NA,0.858,253,21.58102766798419,39,0.9953051643192489,20.585722503664943,23.99268357070506
A,4,A4,7682,j,4,FALSE,FALSE,NA,blue,40,control,NA,NA,NA,1.083,395,19.448101265822785,40,0.9953051643192489,18.452796101503537,17.038592891508344
B,2,B2,8282,j,4,FALSE,FALSE,NA,blue,42,selected,NA,NA,NA,1.163,305,27.154098360655738,42,0.9953051643192489,26.15879319633649,22.492513496420024
B,3,B3,9165,j,4,FALSE,FALSE,NA,tweed,43,control,NA,NA,NA,1.15,366,25.040983606557376,43,0.9953051643192489,24.045678442238128,20.9092856019462
B,4,B4,10600,j,4,FALSE,FALSE,NA,blue,44,control,NA,NA,NA,0.918,381,27.821522309711288,44,0.9953051643192489,26.82621714539204,29.222458764043616
C,1,C1,5846,j,4,FALSE,FALSE,NA,tweed,45,selected,NA,NA,NA,1.867,407,14.363636363636363,45,0.9953051643192489,13.368331199317115,7.160327369746714
C,2,C2,10538,j,4,FALSE,FALSE,NA,blue,46,selected,NA,NA,NA,1.13,355,29.68450704225352,46,0.9953051643192489,28.689201877934273,25.38867422826042
C,3,C3,5728,j,4,FALSE,FALSE,NA,tweed,47,control,NA,NA,NA,1.027,290,19.751724137931035,47,0.9953051643192489,18.756418973611787,18.2633096140329
A,1,A1,433,k,0,FALSE,FALSE,NA,tweed,49,selected,NA,NA,NA,1.095,433,1,49,1,0,0
A,3,A3,342,k,0,FALSE,FALSE,NA,tweed,51,control,NA,NA,NA,1.084,342,1,51,1,0,0
A,4,A4,269,k,0,FALSE,FALSE,NA,blue,52,control,NA,NA,NA,0.766,269,1,52,1,0,0
B,1,B1,326,k,0,FALSE,FALSE,NA,tweed,53,selected,NA,NA,NA,1.406,326,1,53,1,0,0
B,2,B2,428,k,0,FALSE,FALSE,NA,blue,54,selected,NA,NA,NA,1.162,428,1,54,1,0,0
B,3,B3,249,k,0,FALSE,FALSE,NA,tweed,55,control,NA,NA,NA,0.701,249,1,55,1,0,0
B,4,B4,491,k,0,FALSE,FALSE,NA,blue,56,control,NA,NA,NA,1.396,491,1,56,1,0,0
C,2,C2,340,k,0,FALSE,FALSE,NA,blue,58,selected,NA,NA,NA,1.332,340,1,58,1,0,0
C,3,C3,341,k,0,FALSE,FALSE,NA,tweed,59,control,NA,NA,NA,0.927,341,1,59,1,0,0
C,4,C4,351,k,0,FALSE,FALSE,NA,blue,60,control,NA,NA,NA,1.204,351,1,60,1,0,0
A,1,A1,1596,k,0.5,FALSE,FALSE,NA,tweed,49,selected,NA,NA,NA,1.095,433,3.6859122401847575,49,0.9951219512195122,2.6907902889652453,2.457342729648626
A,3,A3,1243,k,0.5,FALSE,FALSE,NA,tweed,51,control,NA,NA,NA,1.084,342,3.634502923976608,51,0.9951219512195122,2.639380972757096,2.4348532959013798
A,4,A4,1343,k,0.5,FALSE,FALSE,NA,blue,52,control,NA,NA,NA,0.766,269,4.992565055762082,52,0.9951219512195122,3.99744310454257,5.218594131256618
B,1,B1,1046,k,0.5,FALSE,FALSE,NA,tweed,53,selected,NA,NA,NA,1.406,326,3.208588957055215,53,0.9951219512195122,2.2134670058357027,1.574300857635635
B,2,B2,927,k,0.5,FALSE,FALSE,NA,blue,54,selected,NA,NA,NA,1.162,428,2.1658878504672896,54,0.9951219512195122,1.1707658992477774,1.0075438031392232
B,3,B3,817,k,0.5,FALSE,FALSE,NA,tweed,55,control,NA,NA,NA,0.701,249,3.281124497991968,55,0.9951219512195122,2.2860025467724556,3.261059267863703
B,4,B4,3597,k,0.5,FALSE,FALSE,NA,blue,56,control,NA,NA,NA,1.396,491,7.325865580448065,56,0.9951219512195122,6.330743629228553,4.534916639848534
C,2,C2,1015,k,0.5,FALSE,FALSE,NA,blue,58,selected,NA,NA,NA,1.332,340,2.985294117647059,58,0.9951219512195122,1.9901721664275467,1.4941232480687288
C,3,C3,931,k,0.5,FALSE,FALSE,NA,tweed,59,control,NA,NA,NA,0.927,341,2.730205278592375,59,0.9951219512195122,1.735083327372863,1.8717187997549762
C,4,C4,2369,k,0.5,FALSE,FALSE,NA,blue,60,control,NA,NA,NA,1.204,351,6.749287749287749,60,0.9951219512195122,5.754165798068237,4.7792074734786025
A,1,A1,3699,k,1,FALSE,FALSE,NA,tweed,49,selected,NA,NA,NA,1.095,433,8.542725173210162,49,1,7.542725173210162,6.888333491516129
A,3,A3,1987,k,1,FALSE,FALSE,NA,tweed,51,control,NA,NA,NA,1.084,342,5.809941520467836,51,1,4.809941520467836,4.437215424785826
A,4,A4,2698,k,1,FALSE,FALSE,NA,blue,52,control,NA,NA,NA,0.766,269,10.029739776951672,52,1,9.029739776951672,11.788172032573984
B,1,B1,2079,k,1,FALSE,FALSE,NA,tweed,53,selected,NA,NA,NA,1.406,326,6.377300613496932,53,1,5.377300613496932,3.8245381319323846
B,2,B2,1775,k,1,FALSE,FALSE,NA,blue,54,selected,NA,NA,NA,1.162,428,4.147196261682243,54,1,3.147196261682243,2.7084305177988326
B,3,B3,1988,k,1,FALSE,FALSE,NA,tweed,55,control,NA,NA,NA,0.701,249,7.983935742971887,55,1,6.983935742971887,9.962818463583291
B,4,B4,6376,k,1,FALSE,FALSE,NA,blue,56,control,NA,NA,NA,1.396,491,12.985743380855396,56,1,11.985743380855396,8.585776060784669
C,2,C2,2539,k,1,FALSE,FALSE,NA,blue,58,selected,NA,NA,NA,1.332,340,7.4676470588235295,58,1,6.4676470588235295,4.855590885002649
C,3,C3,1795,k,1,FALSE,FALSE,NA,tweed,59,control,NA,NA,NA,0.927,341,5.263929618768328,59,1,4.263929618768328,4.5997083266109255
C,4,C4,5034,k,1,FALSE,FALSE,NA,blue,60,control,NA,NA,NA,1.204,351,14.341880341880342,60,1,13.341880341880342,11.081295965016896
A,1,A1,5169,k,1.5,FALSE,FALSE,NA,tweed,49,selected,NA,NA,NA,1.095,433,11.937644341801386,49,1.0048780487804878,10.932766293020897,9.984261454813605
A,3,A3,2856,k,1.5,FALSE,FALSE,NA,tweed,51,control,NA,NA,NA,1.084,342,8.350877192982455,51,1.0048780487804878,7.345999144201968,6.776751978046095
A,4,A4,5257,k,1.5,FALSE,FALSE,NA,blue,52,control,NA,NA,NA,0.766,269,19.54275092936803,52,1.0048780487804878,18.537872880587543,24.20087843418739
B,1,B1,3321,k,1.5,FALSE,FALSE,NA,tweed,53,selected,NA,NA,NA,1.406,326,10.187116564417177,53,1.0048780487804878,9.18223851563669,6.530752856071615
B,2,B2,3262,k,1.5,FALSE,FALSE,NA,blue,54,selected,NA,NA,NA,1.162,428,7.621495327102804,54,1.0048780487804878,6.616617278322316,5.694162890122476
B,3,B3,3359,k,1.5,FALSE,FALSE,NA,tweed,55,control,NA,NA,NA,0.701,249,13.48995983935743,55,1.0048780487804878,12.485081790576942,17.81038771836939
B,4,B4,9123,k,1.5,FALSE,FALSE,NA,blue,56,control,NA,NA,NA,1.396,491,18.580448065173115,56,1.0048780487804878,17.57557001639263,12.589949868476095
C,2,C2,4264,k,1.5,FALSE,FALSE,NA,blue,58,selected,NA,NA,NA,1.332,340,12.541176470588235,58,1.0048780487804878,11.536298421807746,8.660884701056867
C,3,C3,2584,k,1.5,FALSE,FALSE,NA,tweed,59,control,NA,NA,NA,0.927,341,7.577712609970675,59,1.0048780487804878,6.572834561190187,7.090436419838389
C,4,C4,10008,k,1.5,FALSE,FALSE,NA,blue,60,control,NA,NA,NA,1.204,351,28.512820512820515,60,1.0048780487804878,27.507942464040028,22.84712829239205
A,1,A1,6786,k,2,FALSE,FALSE,NA,tweed,49,selected,NA,NA,NA,1.095,433,15.672055427251733,49,1.0146341463414634,14.65742128091027,13.385772859278786
A,3,A3,4680,k,2,FALSE,FALSE,NA,tweed,51,control,NA,NA,NA,1.084,342,13.68421052631579,51,1.0146341463414634,12.669576379974327,11.687801088537201
A,4,A4,6552,k,2,FALSE,FALSE,NA,blue,52,control,NA,NA,NA,0.766,269,24.356877323420075,52,1.0146341463414634,23.34224317707861,30.472902319945966
B,1,B1,4454,k,2,FALSE,FALSE,NA,tweed,53,selected,NA,NA,NA,1.406,326,13.662576687116564,53,1.0146341463414634,12.647942540775102,8.99569170752141
B,2,B2,4370,k,2,FALSE,FALSE,NA,blue,54,selected,NA,NA,NA,1.162,428,10.210280373831775,54,1.0146341463414634,9.195646227490311,7.913637028821267
B,3,B3,4519,k,2,FALSE,FALSE,NA,tweed,55,control,NA,NA,NA,0.701,249,18.14859437751004,55,1.0146341463414634,17.133960231168576,24.442168660725503
B,4,B4,10625,k,2,FALSE,FALSE,NA,blue,56,control,NA,NA,NA,1.396,491,21.63951120162933,56,1.0146341463414634,20.624877055287865,14.774267231581566
C,2,C2,5638,k,2,FALSE,FALSE,NA,blue,58,selected,NA,NA,NA,1.332,340,16.58235294117647,58,1.0146341463414634,15.567718794835006,11.687476572698953
C,3,C3,3368,k,2,FALSE,FALSE,NA,tweed,59,control,NA,NA,NA,0.927,341,9.87683284457478,59,1.0146341463414634,8.862198698233318,9.560084895613072
C,4,C4,10886,k,2,FALSE,FALSE,NA,blue,60,control,NA,NA,NA,1.204,351,31.014245014245013,60,1.0146341463414634,29.99961086790355,24.91662032217903
A,1,A1,8214,k,2.5,FALSE,FALSE,NA,tweed,49,selected,NA,NA,NA,1.095,433,18.96997690531178,49,1.0390243902439025,17.930952515067876,16.375299100518607
A,3,A3,5820,k,2.5,FALSE,FALSE,NA,tweed,51,control,NA,NA,NA,1.084,342,17.017543859649123,51,1.0390243902439025,15.97851946940522,14.740331613842454
A,4,A4,8193,k,2.5,FALSE,FALSE,NA,blue,52,control,NA,NA,NA,0.766,269,30.45724907063197,52,1.0390243902439025,29.418224680388068,38.4049930553369
B,1,B1,5451,k,2.5,FALSE,FALSE,NA,tweed,53,selected,NA,NA,NA,1.406,326,16.720858895705522,53,1.0390243902439025,15.68183450546162,11.153509605591479
B,2,B2,5538,k,2.5,FALSE,FALSE,NA,blue,54,selected,NA,NA,NA,1.162,428,12.939252336448599,54,1.0390243902439025,11.900227946204696,10.241160022551375
B,3,B3,5505,k,2.5,FALSE,FALSE,NA,tweed,55,control,NA,NA,NA,0.701,249,22.10843373493976,55,1.0390243902439025,21.069409344695856,30.0562187513493
B,4,B4,11620,k,2.5,FALSE,FALSE,NA,blue,56,control,NA,NA,NA,1.396,491,23.665987780040734,56,1.0390243902439025,22.62696338979683,16.208426496989134
C,2,C2,6856,k,2.5,FALSE,FALSE,NA,blue,58,selected,NA,NA,NA,1.332,340,20.16470588235294,58,1.0390243902439025,19.125681492109038,14.358619738820598
C,3,C3,3947,k,2.5,FALSE,FALSE,NA,tweed,59,control,NA,NA,NA,0.927,341,11.574780058651026,59,1.0390243902439025,10.535755668407123,11.365432220503909
C,4,C4,10325,k,2.5,FALSE,FALSE,NA,blue,60,control,NA,NA,NA,1.204,351,29.415954415954417,60,1.0390243902439025,28.376930025710514,23.568878758895778
A,1,A1,10393,k,3,FALSE,FALSE,NA,tweed,49,selected,NA,NA,NA,1.095,433,24.002309468822173,49,1.0585365853658537,22.94377288345632,20.95321724516559
A,3,A3,8228,k,3,FALSE,FALSE,NA,tweed,51,control,NA,NA,NA,1.084,342,24.058479532163744,51,1.0585365853658537,22.99994294679789,21.217659545016502
A,4,A4,9477,k,3,FALSE,FALSE,NA,blue,52,control,NA,NA,NA,0.766,269,35.23048327137546,52,1.0585365853658537,34.171946686009605,44.6108964569316
B,1,B1,7731,k,3,FALSE,FALSE,NA,tweed,53,selected,NA,NA,NA,1.406,326,23.71472392638037,53,1.0585365853658537,22.656187341014515,16.113931252499658
B,2,B2,7611,k,3,FALSE,FALSE,NA,blue,54,selected,NA,NA,NA,1.162,428,17.78271028037383,54,1.0585365853658537,16.724173695007977,14.392576329610996
B,3,B3,6834,k,3,FALSE,FALSE,NA,tweed,55,control,NA,NA,NA,0.701,249,27.44578313253012,55,1.0585365853658537,26.387246547164267,37.642291793386974
B,4,B4,11173,k,3,FALSE,FALSE,NA,blue,56,control,NA,NA,NA,1.396,491,22.75560081466395,56,1.0585365853658537,21.697064229298096,15.542309619841044
C,2,C2,9098,k,3,FALSE,FALSE,NA,blue,58,selected,NA,NA,NA,1.332,340,26.758823529411764,58,1.0585365853658537,25.70028694404591,19.294509717752184
C,3,C3,5913,k,3,FALSE,FALSE,NA,tweed,59,control,NA,NA,NA,0.927,341,17.34017595307918,59,1.0585365853658537,16.281639367713325,17.563796513175106
C,4,C4,9564,k,3,FALSE,FALSE,NA,blue,60,control,NA,NA,NA,1.204,351,27.247863247863247,60,1.0585365853658537,26.189326662497393,21.751932443934713
A,1,A1,11013,k,3.5,FALSE,FALSE,NA,tweed,49,selected,NA,NA,NA,1.095,433,25.43418013856813,49,1.0634146341463415,24.37076550442179,22.256406853353234
A,3,A3,9074,k,3.5,FALSE,FALSE,NA,tweed,51,control,NA,NA,NA,1.084,342,26.53216374269006,51,1.0634146341463415,25.46874910854372,23.49515600419162
A,4,A4,10225,k,3.5,FALSE,FALSE,NA,blue,52,control,NA,NA,NA,0.766,269,38.01115241635688,52,1.0634146341463415,36.94773778221054,48.23464462429574
B,1,B1,8150,k,3.5,FALSE,FALSE,NA,tweed,53,selected,NA,NA,NA,1.406,326,25,53,1.0634146341463415,23.93658536585366,17.024598410991224
B,2,B2,8416,k,3.5,FALSE,FALSE,NA,blue,54,selected,NA,NA,NA,1.162,428,19.66355140186916,54,1.0634146341463415,18.60013676772282,16.00700238186129
B,3,B3,7581,k,3.5,FALSE,FALSE,NA,tweed,55,control,NA,NA,NA,0.701,249,30.44578313253012,55,1.0634146341463415,29.38236849838378,41.91493366388556
B,4,B4,10984,k,3.5,FALSE,FALSE,NA,blue,56,control,NA,NA,NA,1.396,491,22.370672097759673,56,1.0634146341463415,21.307257463613333,15.263078412330469
C,2,C2,9691,k,3.5,FALSE,FALSE,NA,blue,58,selected,NA,NA,NA,1.332,340,28.50294117647059,58,1.0634146341463415,27.43952654232425,20.60024515189508
C,3,C3,6529,k,3.5,FALSE,FALSE,NA,tweed,59,control,NA,NA,NA,0.927,341,19.146627565982406,59,1.0634146341463415,18.083212931836066,19.507241566166197
C,4,C4,9717,k,3.5,FALSE,FALSE,NA,blue,60,control,NA,NA,NA,1.204,351,27.683760683760685,60,1.0634146341463415,26.620346049614344,22.109921968118226
A,1,A1,11301,k,4,FALSE,FALSE,NA,tweed,49,selected,NA,NA,NA,1.095,433,26.099307159353348,49,1.0829268292682928,25.016380330085056,22.846009433867632
A,3,A3,9176,k,4,FALSE,FALSE,NA,tweed,51,control,NA,NA,NA,1.084,342,26.830409356725145,51,1.0829268292682928,25.747482527456853,23.75229015448049
A,4,A4,10392,k,4,FALSE,FALSE,NA,blue,52,control,NA,NA,NA,0.766,269,38.63197026022305,52,1.0829268292682928,37.549043430954754,49.01963894380516
B,1,B1,8870,k,4,FALSE,FALSE,NA,tweed,53,selected,NA,NA,NA,1.406,326,27.208588957055216,53,1.0829268292682928,26.125662127786924,18.581552011228254
B,2,B2,8810,k,4,FALSE,FALSE,NA,blue,54,selected,NA,NA,NA,1.162,428,20.58411214953271,54,1.0829268292682928,19.50118532026442,16.782431428798986
B,3,B3,8171,k,4,FALSE,FALSE,NA,tweed,55,control,NA,NA,NA,0.701,249,32.81526104417671,55,1.0829268292682928,31.732334214908416,45.26723853767249
B,4,B4,10747,k,4,FALSE,FALSE,NA,blue,56,control,NA,NA,NA,1.396,491,21.887983706720977,56,1.0829268292682928,20.805056877452685,14.903335872100778
C,2,C2,10224,k,4,FALSE,FALSE,NA,blue,58,selected,NA,NA,NA,1.332,340,30.070588235294117,58,1.0829268292682928,28.987661406025826,21.76250856308245
C,3,C3,6747,k,4,FALSE,FALSE,NA,tweed,59,control,NA,NA,NA,0.927,341,19.78592375366569,59,1.0829268292682928,18.702996924397397,20.1758327124028
C,4,C4,9684,k,4,FALSE,FALSE,NA,blue,60,control,NA,NA,NA,1.204,351,27.58974358974359,60,1.0829268292682928,26.5068167604753,22.015628538600748
A,1,A1,282,l,0,FALSE,FALSE,NA,tweed,61,selected,NA,NA,NA,0.916,282,1,61,1,0,0
A,2,A2,330,l,0,FALSE,FALSE,NA,blue,62,selected,NA,NA,NA,1.293,330,1,62,1,0,0
A,3,A3,301,l,0,FALSE,FALSE,NA,tweed,63,control,NA,NA,NA,0.937,301,1,63,1,0,0
B,1,B1,351,l,0,FALSE,FALSE,NA,tweed,65,selected,NA,NA,NA,1.461,351,1,65,1,0,0
B,2,B2,304,l,0,FALSE,FALSE,NA,blue,66,selected,NA,NA,NA,1.038,304,1,66,1,0,0
B,3,B3,284,l,0,FALSE,FALSE,NA,tweed,67,control,NA,NA,NA,0.963,284,1,67,1,0,0
B,4,B4,305,l,0,FALSE,FALSE,NA,blue,68,control,NA,NA,NA,1.027,305,1,68,1,0,0
C,1,C1,349,l,0,FALSE,FALSE,NA,tweed,69,selected,NA,NA,NA,1.074,349,1,69,1,0,0
C,3,C3,268,l,0,FALSE,FALSE,NA,tweed,71,control,NA,NA,NA,1.107,268,1,71,1,0,0
C,4,C4,534,l,0,FALSE,FALSE,NA,blue,72,control,NA,NA,NA,1.62,534,1,72,1,0,0
A,1,A1,1905,l,0.5,FALSE,FALSE,NA,tweed,61,selected,NA,NA,NA,0.916,282,6.75531914893617,61,0.9707317073170731,5.784587441619097,6.3150517921605855
A,2,A2,1248,l,0.5,FALSE,FALSE,NA,blue,62,selected,NA,NA,NA,1.293,330,3.7818181818181817,62,0.9707317073170731,2.8110864745011086,2.174080800078197
A,3,A3,842,l,0.5,FALSE,FALSE,NA,tweed,63,control,NA,NA,NA,0.937,301,2.79734219269103,63,0.9707317073170731,1.8266104853739566,1.949424210644564
B,1,B1,1612,l,0.5,FALSE,FALSE,NA,tweed,65,selected,NA,NA,NA,1.461,351,4.592592592592593,65,0.9707317073170731,3.6218608852755194,2.4790286689086374
B,2,B2,1105,l,0.5,FALSE,FALSE,NA,blue,66,selected,NA,NA,NA,1.038,304,3.6348684210526314,66,0.9707317073170731,2.6641367137355583,2.5666056972404223
B,3,B3,1273,l,0.5,FALSE,FALSE,NA,tweed,67,control,NA,NA,NA,0.963,284,4.482394366197183,67,0.9707317073170731,3.51166265888011,3.646586353977269
B,4,B4,2044,l,0.5,FALSE,FALSE,NA,blue,68,control,NA,NA,NA,1.027,305,6.701639344262295,68,0.9707317073170731,5.730907636945222,5.580241126528941
C,1,C1,2390,l,0.5,FALSE,FALSE,NA,tweed,69,selected,NA,NA,NA,1.074,349,6.848137535816619,69,0.9707317073170731,5.877405828499546,5.4724449054930595
C,3,C3,714,l,0.5,FALSE,FALSE,NA,tweed,71,control,NA,NA,NA,1.107,268,2.6641791044776117,71,0.9707317073170731,1.6934473971605386,1.529762779729484
C,4,C4,3713,l,0.5,FALSE,FALSE,NA,blue,72,control,NA,NA,NA,1.62,534,6.953183520599251,72,0.9707317073170731,5.982451813282178,3.6928714896803565
A,1,A1,4624,l,1,FALSE,FALSE,NA,tweed,61,selected,NA,NA,NA,0.916,282,16.397163120567377,61,0.9609756097560975,15.43618751081128,16.851733090405325
A,2,A2,2595,l,1,FALSE,FALSE,NA,blue,62,selected,NA,NA,NA,1.293,330,7.863636363636363,62,0.9609756097560975,6.902660753880266,5.338484728445682
A,3,A3,1511,l,1,FALSE,FALSE,NA,tweed,63,control,NA,NA,NA,0.937,301,5.019933554817276,63,0.9609756097560975,4.058957945061178,4.3318654696490695
B,1,B1,3162,l,1,FALSE,FALSE,NA,tweed,65,selected,NA,NA,NA,1.461,351,9.008547008547009,65,0.9609756097560975,8.047571398790911,5.50826242217037
B,2,B2,2547,l,1,FALSE,FALSE,NA,blue,66,selected,NA,NA,NA,1.038,304,8.37828947368421,66,0.9609756097560975,7.417313863928113,7.145774435383538
B,3,B3,2074,l,1,FALSE,FALSE,NA,tweed,67,control,NA,NA,NA,0.963,284,7.302816901408451,67,0.9609756097560975,6.341841291652353,6.5855049757553
B,4,B4,5573,l,1,FALSE,FALSE,NA,blue,68,control,NA,NA,NA,1.027,305,18.272131147540982,68,0.9609756097560975,17.311155537784884,16.856042393169314
C,1,C1,6175,l,1,FALSE,FALSE,NA,tweed,69,selected,NA,NA,NA,1.074,349,17.693409742120345,69,0.9609756097560975,16.732434132364247,15.579547609277697
C,3,C3,1285,l,1,FALSE,FALSE,NA,tweed,71,control,NA,NA,NA,1.107,268,4.794776119402985,71,0.9609756097560975,3.8338005096468875,3.4632344260586154
C,4,C4,7694,l,1,FALSE,FALSE,NA,blue,72,control,NA,NA,NA,1.62,534,14.408239700374532,72,0.9609756097560975,13.447264090618434,8.300780302850885
A,1,A1,6529,l,1.5,FALSE,FALSE,NA,tweed,61,selected,NA,NA,NA,0.916,282,23.152482269503547,61,0.9512195121951219,22.201262757308427,24.237186416275573
A,2,A2,4443,l,1.5,FALSE,FALSE,NA,blue,62,selected,NA,NA,NA,1.293,330,13.463636363636363,62,0.9512195121951219,12.512416851441241,9.677043195236847
A,3,A3,2550,l,1.5,FALSE,FALSE,NA,tweed,63,control,NA,NA,NA,0.937,301,8.471760797342192,63,0.9512195121951219,7.52054128514707,8.026191339537961
B,1,B1,4384,l,1.5,FALSE,FALSE,NA,tweed,65,selected,NA,NA,NA,1.461,351,12.49002849002849,65,0.9512195121951219,11.538808977833368,7.89788431063201
B,2,B2,4769,l,1.5,FALSE,FALSE,NA,blue,66,selected,NA,NA,NA,1.038,304,15.6875,66,0.9512195121951219,14.736280487804878,14.196802011372714
B,3,B3,2917,l,1.5,FALSE,FALSE,NA,tweed,67,control,NA,NA,NA,0.963,284,10.27112676056338,67,0.9512195121951219,9.319907248368258,9.67799298895977
B,4,B4,7645,l,1.5,FALSE,FALSE,NA,blue,68,control,NA,NA,NA,1.027,305,25.065573770491802,68,0.9512195121951219,24.11435425829668,23.4803838931808
C,1,C1,8032,l,1.5,FALSE,FALSE,NA,tweed,69,selected,NA,NA,NA,1.074,349,23.01432664756447,69,0.9512195121951219,22.06310713536935,20.54293029363999
C,3,C3,1933,l,1.5,FALSE,FALSE,NA,tweed,71,control,NA,NA,NA,1.107,268,7.212686567164179,71,0.9512195121951219,6.261467054969057,5.656248468806736
C,4,C4,8524,l,1.5,FALSE,FALSE,NA,blue,72,control,NA,NA,NA,1.62,534,15.962546816479401,72,0.9512195121951219,15.01132730428428,9.266251422397703
A,1,A1,7695,l,2,FALSE,FALSE,NA,tweed,61,selected,NA,NA,NA,0.916,282,27.28723404255319,61,0.9560975609756097,26.33113648157758,28.745782185128363
A,2,A2,5531,l,2,FALSE,FALSE,NA,blue,62,selected,NA,NA,NA,1.293,330,16.76060606060606,62,0.9560975609756097,15.804508499630451,12.223131090201433
A,3,A3,3058,l,2,FALSE,FALSE,NA,tweed,63,control,NA,NA,NA,0.937,301,10.159468438538205,63,0.9560975609756097,9.203370877562595,9.822167425360293
B,1,B1,5327,l,2,FALSE,FALSE,NA,tweed,65,selected,NA,NA,NA,1.461,351,15.176638176638177,65,0.9560975609756097,14.220540615662568,9.733429579508943
B,2,B2,7096,l,2,FALSE,FALSE,NA,blue,66,selected,NA,NA,NA,1.038,304,23.342105263157894,66,0.9560975609756097,22.386007702182283,21.566481408653452
B,3,B3,3980,l,2,FALSE,FALSE,NA,tweed,67,control,NA,NA,NA,0.963,284,14.014084507042254,67,0.9560975609756097,13.057986946066645,13.559695686465883
B,4,B4,8576,l,2,FALSE,FALSE,NA,blue,68,control,NA,NA,NA,1.027,305,28.118032786885244,68,0.9560975609756097,27.161935225909634,26.447843452687085
C,1,C1,8576,l,2,FALSE,FALSE,NA,tweed,69,selected,NA,NA,NA,1.074,349,24.573065902578797,69,0.9560975609756097,23.616968341603187,21.989728437246914
C,3,C3,2583,l,2,FALSE,FALSE,NA,tweed,71,control,NA,NA,NA,1.107,268,9.638059701492537,71,0.9560975609756097,8.681962140516926,7.842784228109238
C,4,C4,8727,l,2,FALSE,FALSE,NA,blue,72,control,NA,NA,NA,1.62,534,16.34269662921348,72,0.9560975609756097,15.38659906823787,9.497900659406092
A,1,A1,8897,l,2.5,FALSE,FALSE,NA,tweed,61,selected,NA,NA,NA,0.916,282,31.54964539007092,61,0.9609756097560975,30.588669780314824,33.39374430165373
A,2,A2,6837,l,2.5,FALSE,FALSE,NA,blue,62,selected,NA,NA,NA,1.293,330,20.71818181818182,62,0.9609756097560975,19.75720620842572,15.280128544799476
A,3,A3,3830,l,2.5,FALSE,FALSE,NA,tweed,63,control,NA,NA,NA,0.937,301,12.724252491694353,63,0.9609756097560975,11.763276881938255,12.554190909219056
B,1,B1,6863,l,2.5,FALSE,FALSE,NA,tweed,65,selected,NA,NA,NA,1.461,351,19.552706552706553,65,0.9609756097560975,18.591730942950456,12.725346299076287
B,2,B2,8464,l,2.5,FALSE,FALSE,NA,blue,66,selected,NA,NA,NA,1.038,304,27.842105263157894,66,0.9609756097560975,26.881129653401796,25.897042055300382
B,3,B3,5263,l,2.5,FALSE,FALSE,NA,tweed,67,control,NA,NA,NA,0.963,284,18.531690140845072,67,0.9609756097560975,17.570714531088974,18.245809481920016
B,4,B4,9309,l,2.5,FALSE,FALSE,NA,blue,68,control,NA,NA,NA,1.027,305,30.521311475409835,68,0.9609756097560975,29.560335865653737,28.783189742603447
C,1,C1,9243,l,2.5,FALSE,FALSE,NA,tweed,69,selected,NA,NA,NA,1.074,349,26.484240687679083,69,0.9609756097560975,25.523265077922986,23.76467884350371
C,3,C3,3659,l,2.5,FALSE,FALSE,NA,tweed,71,control,NA,NA,NA,1.107,268,13.652985074626866,71,0.9609756097560975,12.692009464870768,11.465229868898616
C,4,C4,8739,l,2.5,FALSE,FALSE,NA,blue,72,control,NA,NA,NA,1.62,534,16.365168539325843,72,0.9609756097560975,15.404192929569746,9.508761067635644
A,1,A1,10449,l,3,FALSE,FALSE,NA,tweed,61,selected,NA,NA,NA,0.916,282,37.0531914893617,61,0.9658536585365853,36.08733783082511,39.39665702055143
A,2,A2,9385,l,3,FALSE,FALSE,NA,blue,62,selected,NA,NA,NA,1.293,330,28.439393939393938,62,0.9658536585365853,27.473540280857353,21.247904316208317
A,3,A3,8365,l,3,FALSE,FALSE,NA,tweed,63,control,NA,NA,NA,0.937,301,27.790697674418606,63,0.9658536585365853,26.82484401588202,28.628435449180383
B,1,B1,10669,l,3,FALSE,FALSE,NA,tweed,65,selected,NA,NA,NA,1.461,351,30.396011396011396,65,0.9658536585365853,29.43015773747481,20.143845131741827
B,2,B2,9841,l,3,FALSE,FALSE,NA,blue,66,selected,NA,NA,NA,1.038,304,32.37171052631579,66,0.9658536585365853,31.405856867779203,30.256124150076303
B,3,B3,7580,l,3,FALSE,FALSE,NA,tweed,67,control,NA,NA,NA,0.963,284,26.690140845070424,67,0.9658536585365853,25.72428718653384,26.712655437729843
B,4,B4,10952,l,3,FALSE,FALSE,NA,blue,68,control,NA,NA,NA,1.027,305,35.90819672131148,68,0.9658536585365853,34.94234306277489,34.023703079625015
C,1,C1,10168,l,3,FALSE,FALSE,NA,tweed,69,selected,NA,NA,NA,1.074,349,29.134670487106018,69,0.9658536585365853,28.168816828569433,26.227948629952916
C,3,C3,5025,l,3,FALSE,FALSE,NA,tweed,71,control,NA,NA,NA,1.107,268,18.75,71,0.9658536585365853,17.784146341463416,16.06517284685042
C,4,C4,6721,l,3,FALSE,FALSE,NA,blue,72,control,NA,NA,NA,1.62,534,12.586142322097379,72,0.9658536585365853,11.620288663560792,7.173017693556044
A,1,A1,10562,l,3.5,FALSE,FALSE,NA,tweed,61,selected,NA,NA,NA,0.916,282,37.45390070921986,61,0.9658536585365853,36.48804705068327,39.834112500745924
A,2,A2,9898,l,3.5,FALSE,FALSE,NA,blue,62,selected,NA,NA,NA,1.293,330,29.993939393939392,62,0.9658536585365853,29.028085735402808,22.45018231663017
A,3,A3,9604,l,3.5,FALSE,FALSE,NA,tweed,63,control,NA,NA,NA,0.937,301,31.906976744186046,63,0.9658536585365853,30.941123085649462,33.021476078601346
B,1,B1,10823,l,3.5,FALSE,FALSE,NA,tweed,65,selected,NA,NA,NA,1.461,351,30.834757834757834,65,0.9658536585365853,29.86890417622125,20.444150702410163
B,2,B2,10020,l,3.5,FALSE,FALSE,NA,blue,66,selected,NA,NA,NA,1.038,304,32.96052631578947,66,0.9658536585365853,31.994672657252888,30.823384062864054
B,3,B3,8021,l,3.5,FALSE,FALSE,NA,tweed,67,control,NA,NA,NA,0.963,284,28.242957746478872,67,0.9658536585365853,27.277104087942288,28.325134047707465
B,4,B4,10923,l,3.5,FALSE,FALSE,NA,blue,68,control,NA,NA,NA,1.027,305,35.81311475409836,68,0.9658536585365853,34.84726109556177,33.93112083306891
C,1,C1,10299,l,3.5,FALSE,FALSE,NA,tweed,69,selected,NA,NA,NA,1.074,349,29.51002865329513,69,0.9658536585365853,28.544174994758546,26.5774441291979
C,3,C3,5564,l,3.5,FALSE,FALSE,NA,tweed,71,control,NA,NA,NA,1.107,268,20.761194029850746,71,0.9658536585365853,19.79534037131416,17.881969621783345
C,4,C4,6408,l,3.5,FALSE,FALSE,NA,blue,72,control,NA,NA,NA,1.62,534,12,72,0.9658536585365853,11.034146341463416,6.811201445347787
A,1,A1,10668,l,4,FALSE,FALSE,NA,tweed,61,selected,NA,NA,NA,0.916,282,37.829787234042556,61,0.9658536585365853,36.86393357550597,40.244468968892974
A,2,A2,10240,l,4,FALSE,FALSE,NA,blue,62,selected,NA,NA,NA,1.293,330,31.03030303030303,62,0.9658536585365853,30.064449371766447,23.251700983578072
A,3,A3,10234,l,4,FALSE,FALSE,NA,tweed,63,control,NA,NA,NA,0.937,301,34,63,0.9658536585365853,33.03414634146341,35.25522555118827
B,1,B1,10798,l,4,FALSE,FALSE,NA,tweed,65,selected,NA,NA,NA,1.461,351,30.763532763532762,65,0.9658536585365853,29.797679104996178,20.395399798080888
B,2,B2,10098,l,4,FALSE,FALSE,NA,blue,66,selected,NA,NA,NA,1.038,304,33.2171052631579,66,0.9658536585365853,32.25125160462131,31.07056994664866
B,3,B3,8607,l,4,FALSE,FALSE,NA,tweed,67,control,NA,NA,NA,0.963,284,30.306338028169016,67,0.9658536585365853,29.34048436963243,30.46779269951447
B,4,B4,10847,l,4,FALSE,FALSE,NA,blue,68,control,NA,NA,NA,1.027,305,35.56393442622951,68,0.9658536585365853,34.59808076769292,33.688491497266725
C,1,C1,10469,l,4,FALSE,FALSE,NA,tweed,69,selected,NA,NA,NA,1.074,349,29.997134670487107,69,0.9658536585365853,29.031281011950522,27.03098790684406
C,3,C3,6072,l,4,FALSE,FALSE,NA,tweed,71,control,NA,NA,NA,1.107,268,22.65671641791045,71,0.9658536585365853,21.690862759373864,19.59427530205408
C,4,C4,6241,l,4,FALSE,FALSE,NA,blue,72,control,NA,NA,NA,1.62,534,11.687265917602996,72,0.9658536585365853,10.721412259066412,6.618155715473093
