row_id,col_id,well_id,value,plate_id,time_hr,is_blank,exclude_from_analysis,family_id_group,sample_id_group,treatment_group,width_mm_measurement,length_mm_measurement,weight_mg_measurement,area_mm2_measurement,value_t0,fold_change,trace_id,mean_blank_fc,corrected_fc
A,1,A1,230,c-blue,0,FALSE,FALSE,blue,1,control,NA,NA,NA,104.746,230,1,1,1,0
A,2,A2,304,c-blue,0,FALSE,FALSE,blue,2,control,NA,NA,NA,102.152,304,1,2,1,0
A,3,A3,253,c-blue,0,FALSE,FALSE,blue,3,control,NA,NA,NA,84.599,253,1,3,1,0
A,4,A4,376,c-blue,0,FALSE,FALSE,blue,4,control,NA,NA,NA,59.243,376,1,4,1,0
A,5,A5,389,c-blue,0,FALSE,FALSE,blue,5,control,NA,NA,NA,86.103,389,1,5,1,0
B,1,B1,278,c-blue,0,FALSE,FALSE,blue,6,control,NA,NA,NA,97.581,278,1,6,1,0
B,2,B2,493,c-blue,0,FALSE,FALSE,blue,7,control,NA,NA,NA,76.055,493,1,7,1,0
B,3,B3,233,c-blue,0,FALSE,FALSE,blue,8,control,NA,NA,NA,128.117,233,1,8,1,0
B,4,B4,302,c-blue,0,FALSE,FALSE,blue,9,control,NA,NA,NA,58.377,302,1,9,1,0
B,5,B5,232,c-blue,0,FALSE,FALSE,blue,10,control,NA,NA,NA,85.486,232,1,10,1,0
C,1,C1,256,c-blue,0,FALSE,FALSE,blue,11,control,NA,NA,NA,58.715,256,1,11,1,0
C,2,C2,570,c-blue,0,FALSE,FALSE,blue,12,control,NA,NA,NA,97.032,570,1,12,1,0
C,3,C3,265,c-blue,0,FALSE,FALSE,blue,13,control,NA,NA,NA,82.621,265,1,13,1,0
C,4,C4,345,c-blue,0,FALSE,FALSE,blue,14,control,NA,NA,NA,87.409,345,1,14,1,0
C,5,C5,308,c-blue,0,FALSE,FALSE,blue,15,control,NA,NA,NA,63.604,308,1,15,1,0
D,1,D1,214,c-blue,0,FALSE,FALSE,blue,16,control,NA,NA,NA,74.513,214,1,16,1,0
D,2,D2,272,c-blue,0,FALSE,FALSE,blue,17,control,NA,NA,NA,94.415,272,1,17,1,0
D,3,D3,330,c-blue,0,FALSE,FALSE,blue,18,control,NA,NA,NA,81.083,330,1,18,1,0
D,4,D4,276,c-blue,0,FALSE,FALSE,blue,19,control,NA,NA,NA,86.881,276,1,19,1,0
D,5,D5,271,c-blue,0,FALSE,FALSE,blue,20,control,NA,NA,NA,63.532,271,1,20,1,0
A,1,A1,1947,c-blue,0.5,FALSE,FALSE,blue,1,control,NA,NA,NA,104.746,230,8.465217391304348,1,0.9650914080987013,7.500125983205646
A,2,A2,1722,c-blue,0.5,FALSE,FALSE,blue,2,control,NA,NA,NA,102.152,304,5.6644736842105265,2,0.9650914080987013,4.699382276111825
A,3,A3,4583,c-blue,0.5,FALSE,FALSE,blue,3,control,NA,NA,NA,84.599,253,18.114624505928855,3,0.9650914080987013,17.149533097830155
A,4,A4,5998,c-blue,0.5,FALSE,FALSE,blue,4,control,NA,NA,NA,59.243,376,15.952127659574469,4,0.9650914080987013,14.987036251475768
A,5,A5,2759,c-blue,0.5,FALSE,FALSE,blue,5,control,NA,NA,NA,86.103,389,7.092544987146529,5,0.9650914080987013,6.1274535790478275
B,1,B1,2793,c-blue,0.5,FALSE,FALSE,blue,6,control,NA,NA,NA,97.581,278,10.046762589928058,6,0.9650914080987013,9.081671181829357
B,2,B2,2999,c-blue,0.5,FALSE,FALSE,blue,7,control,NA,NA,NA,76.055,493,6.0831643002028395,7,0.9650914080987013,5.118072892104138
B,3,B3,1109,c-blue,0.5,FALSE,FALSE,blue,8,control,NA,NA,NA,128.117,233,4.759656652360515,8,0.9650914080987013,3.7945652442618134
B,4,B4,899,c-blue,0.5,FALSE,FALSE,blue,9,control,NA,NA,NA,58.377,302,2.9768211920529803,9,0.9650914080987013,2.011729783954279
B,5,B5,4421,c-blue,0.5,FALSE,FALSE,blue,10,control,NA,NA,NA,85.486,232,19.05603448275862,10,0.9650914080987013,18.09094307465992
C,1,C1,1506,c-blue,0.5,FALSE,FALSE,blue,11,control,NA,NA,NA,58.715,256,5.8828125,11,0.9650914080987013,4.917721091901298
C,2,C2,2909,c-blue,0.5,FALSE,FALSE,blue,12,control,NA,NA,NA,97.032,570,5.103508771929825,12,0.9650914080987013,4.138417363831123
C,3,C3,937,c-blue,0.5,FALSE,FALSE,blue,13,control,NA,NA,NA,82.621,265,3.5358490566037735,13,0.9650914080987013,2.5707576485050723
C,4,C4,3452,c-blue,0.5,FALSE,FALSE,blue,14,control,NA,NA,NA,87.409,345,10.005797101449275,14,0.9650914080987013,9.040705693350574
C,5,C5,2383,c-blue,0.5,FALSE,FALSE,blue,15,control,NA,NA,NA,63.604,308,7.737012987012987,15,0.9650914080987013,6.771921578914285
D,1,D1,1488,c-blue,0.5,FALSE,FALSE,blue,16,control,NA,NA,NA,74.513,214,6.953271028037383,16,0.9650914080987013,5.988179619938681
D,2,D2,2545,c-blue,0.5,FALSE,FALSE,blue,17,control,NA,NA,NA,94.415,272,9.356617647058824,17,0.9650914080987013,8.391526238960124
D,3,D3,2974,c-blue,0.5,FALSE,FALSE,blue,18,control,NA,NA,NA,81.083,330,9.012121212121212,18,0.9650914080987013,8.047029804022511
D,4,D4,984,c-blue,0.5,FALSE,FALSE,blue,19,control,NA,NA,NA,86.881,276,3.5652173913043477,19,0.9650914080987013,2.6001259832056465
D,5,D5,2074,c-blue,0.5,FALSE,FALSE,blue,20,control,NA,NA,NA,63.532,271,7.6531365313653135,20,0.9650914080987013,6.688045123266612
A,1,A1,3534,c-blue,1,FALSE,FALSE,blue,1,control,NA,NA,NA,104.746,230,15.365217391304348,1,0.9557025608067014,14.409514830497647
A,2,A2,4702,c-blue,1,FALSE,FALSE,blue,2,control,NA,NA,NA,102.152,304,15.467105263157896,2,0.9557025608067014,14.511402702351194
A,3,A3,9066,c-blue,1,FALSE,FALSE,blue,3,control,NA,NA,NA,84.599,253,35.83399209486166,3,0.9557025608067014,34.87828953405496
A,4,A4,9375,c-blue,1,FALSE,FALSE,blue,4,control,NA,NA,NA,59.243,376,24.93351063829787,4,0.9557025608067014,23.97780807749117
A,5,A5,6413,c-blue,1,FALSE,FALSE,blue,5,control,NA,NA,NA,86.103,389,16.48586118251928,5,0.9557025608067014,15.530158621712578
B,1,B1,4460,c-blue,1,FALSE,FALSE,blue,6,control,NA,NA,NA,97.581,278,16.0431654676259,6,0.9557025608067014,15.0874629068192
B,2,B2,7997,c-blue,1,FALSE,FALSE,blue,7,control,NA,NA,NA,76.055,493,16.221095334685597,7,0.9557025608067014,15.265392773878895
B,3,B3,2509,c-blue,1,FALSE,FALSE,blue,8,control,NA,NA,NA,128.117,233,10.768240343347639,8,0.9557025608067014,9.812537782540938
B,4,B4,1592,c-blue,1,FALSE,FALSE,blue,9,control,NA,NA,NA,58.377,302,5.271523178807947,9,0.9557025608067014,4.315820618001246
B,5,B5,9703,c-blue,1,FALSE,FALSE,blue,10,control,NA,NA,NA,85.486,232,41.82327586206897,10,0.9557025608067014,40.86757330126227
C,1,C1,3459,c-blue,1,FALSE,FALSE,blue,11,control,NA,NA,NA,58.715,256,13.51171875,11,0.9557025608067014,12.556016189193299
C,2,C2,5130,c-blue,1,FALSE,FALSE,blue,12,control,NA,NA,NA,97.032,570,9,12,0.9557025608067014,8.044297439193299
C,3,C3,1619,c-blue,1,FALSE,FALSE,blue,13,control,NA,NA,NA,82.621,265,6.109433962264151,13,0.9557025608067014,5.15373140145745
C,4,C4,4905,c-blue,1,FALSE,FALSE,blue,14,control,NA,NA,NA,87.409,345,14.217391304347826,14,0.9557025608067014,13.261688743541125
C,5,C5,5909,c-blue,1,FALSE,FALSE,blue,15,control,NA,NA,NA,63.604,308,19.185064935064936,15,0.9557025608067014,18.229362374258233
D,1,D1,2693,c-blue,1,FALSE,FALSE,blue,16,control,NA,NA,NA,74.513,214,12.58411214953271,16,0.9557025608067014,11.62840958872601
D,2,D2,5964,c-blue,1,FALSE,FALSE,blue,17,control,NA,NA,NA,94.415,272,21.926470588235293,17,0.9557025608067014,20.97076802742859
D,3,D3,4410,c-blue,1,FALSE,FALSE,blue,18,control,NA,NA,NA,81.083,330,13.363636363636363,18,0.9557025608067014,12.407933802829662
D,4,D4,2422,c-blue,1,FALSE,FALSE,blue,19,control,NA,NA,NA,86.881,276,8.77536231884058,19,0.9557025608067014,7.819659758033879
D,5,D5,5453,c-blue,1,FALSE,FALSE,blue,20,control,NA,NA,NA,63.532,271,20.121771217712176,20,0.9557025608067014,19.166068656905473
A,1,A1,4959,c-blue,1.5,FALSE,FALSE,blue,1,control,NA,NA,NA,104.746,230,21.56086956521739,1,0.941045992814102,20.61982357240329
A,2,A2,6366,c-blue,1.5,FALSE,FALSE,blue,2,control,NA,NA,NA,102.152,304,20.94078947368421,2,0.941045992814102,19.99974348087011
A,3,A3,10532,c-blue,1.5,FALSE,FALSE,blue,3,control,NA,NA,NA,84.599,253,41.62845849802372,3,0.941045992814102,40.687412505209615
A,4,A4,10273,c-blue,1.5,FALSE,FALSE,blue,4,control,NA,NA,NA,59.243,376,27.3218085106383,4,0.941045992814102,26.380762517824195
A,5,A5,8297,c-blue,1.5,FALSE,FALSE,blue,5,control,NA,NA,NA,86.103,389,21.32904884318766,5,0.941045992814102,20.38800285037356
B,1,B1,5810,c-blue,1.5,FALSE,FALSE,blue,6,control,NA,NA,NA,97.581,278,20.899280575539567,6,0.941045992814102,19.958234582725467
B,2,B2,10352,c-blue,1.5,FALSE,FALSE,blue,7,control,NA,NA,NA,76.055,493,20.997971602434077,7,0.941045992814102,20.056925609619974
B,3,B3,3947,c-blue,1.5,FALSE,FALSE,blue,8,control,NA,NA,NA,128.117,233,16.93991416309013,8,0.941045992814102,15.998868170276028
B,4,B4,2442,c-blue,1.5,FALSE,FALSE,blue,9,control,NA,NA,NA,58.377,302,8.086092715231787,9,0.941045992814102,7.1450467224176855
B,5,B5,10241,c-blue,1.5,FALSE,FALSE,blue,10,control,NA,NA,NA,85.486,232,44.14224137931034,10,0.941045992814102,43.20119538649624
C,1,C1,4432,c-blue,1.5,FALSE,FALSE,blue,11,control,NA,NA,NA,58.715,256,17.3125,11,0.941045992814102,16.371454007185896
C,2,C2,7163,c-blue,1.5,FALSE,FALSE,blue,12,control,NA,NA,NA,97.032,570,12.566666666666666,12,0.941045992814102,11.625620673852564
C,3,C3,2664,c-blue,1.5,FALSE,FALSE,blue,13,control,NA,NA,NA,82.621,265,10.052830188679245,13,0.941045992814102,9.111784195865143
C,4,C4,5892,c-blue,1.5,FALSE,FALSE,blue,14,control,NA,NA,NA,87.409,345,17.078260869565216,14,0.941045992814102,16.137214876751116
C,5,C5,8288,c-blue,1.5,FALSE,FALSE,blue,15,control,NA,NA,NA,63.604,308,26.90909090909091,15,0.941045992814102,25.96804491627681
D,1,D1,3368,c-blue,1.5,FALSE,FALSE,blue,16,control,NA,NA,NA,74.513,214,15.738317757009346,16,0.941045992814102,14.797271764195244
D,2,D2,7928,c-blue,1.5,FALSE,FALSE,blue,17,control,NA,NA,NA,94.415,272,29.147058823529413,17,0.941045992814102,28.20601283071531
D,3,D3,6009,c-blue,1.5,FALSE,FALSE,blue,18,control,NA,NA,NA,81.083,330,18.20909090909091,18,0.941045992814102,17.268044916276807
D,4,D4,3602,c-blue,1.5,FALSE,FALSE,blue,19,control,NA,NA,NA,86.881,276,13.05072463768116,19,0.941045992814102,12.109678644867058
D,5,D5,7907,c-blue,1.5,FALSE,FALSE,blue,20,control,NA,NA,NA,63.532,271,29.177121771217713,20,0.941045992814102,28.23607577840361
A,1,A1,5797,c-blue,2,FALSE,FALSE,blue,1,control,NA,NA,NA,104.746,230,25.204347826086956,1,0.9453567011310379,24.25899112495592
A,2,A2,7279,c-blue,2,FALSE,FALSE,blue,2,control,NA,NA,NA,102.152,304,23.94407894736842,2,0.9453567011310379,22.998722246237385
A,3,A3,10538,c-blue,2,FALSE,FALSE,blue,3,control,NA,NA,NA,84.599,253,41.65217391304348,3,0.9453567011310379,40.70681721191244
A,4,A4,10037,c-blue,2,FALSE,FALSE,blue,4,control,NA,NA,NA,59.243,376,26.694148936170212,4,0.9453567011310379,25.748792235039176
A,5,A5,9012,c-blue,2,FALSE,FALSE,blue,5,control,NA,NA,NA,86.103,389,23.167095115681235,5,0.9453567011310379,22.2217384145502
B,1,B1,6610,c-blue,2,FALSE,FALSE,blue,6,control,NA,NA,NA,97.581,278,23.776978417266186,6,0.9453567011310379,22.83162171613515
B,2,B2,9830,c-blue,2,FALSE,FALSE,blue,7,control,NA,NA,NA,76.055,493,19.939148073022313,7,0.9453567011310379,18.993791371891277
B,3,B3,5650,c-blue,2,FALSE,FALSE,blue,8,control,NA,NA,NA,128.117,233,24.248927038626608,8,0.9453567011310379,23.30357033749557
B,4,B4,3187,c-blue,2,FALSE,FALSE,blue,9,control,NA,NA,NA,58.377,302,10.552980132450331,9,0.9453567011310379,9.607623431319293
B,5,B5,10100,c-blue,2,FALSE,FALSE,blue,10,control,NA,NA,NA,85.486,232,43.53448275862069,10,0.9453567011310379,42.58912605748965
C,1,C1,5222,c-blue,2,FALSE,FALSE,blue,11,control,NA,NA,NA,58.715,256,20.3984375,11,0.9453567011310379,19.453080798868964
C,2,C2,8117,c-blue,2,FALSE,FALSE,blue,12,control,NA,NA,NA,97.032,570,14.240350877192983,12,0.9453567011310379,13.294994176061945
C,3,C3,3887,c-blue,2,FALSE,FALSE,blue,13,control,NA,NA,NA,82.621,265,14.667924528301887,13,0.9453567011310379,13.722567827170849
C,4,C4,6676,c-blue,2,FALSE,FALSE,blue,14,control,NA,NA,NA,87.409,345,19.35072463768116,14,0.9453567011310379,18.405367936550125
C,5,C5,8917,c-blue,2,FALSE,FALSE,blue,15,control,NA,NA,NA,63.604,308,28.9512987012987,15,0.9453567011310379,28.005942000167664
D,1,D1,3871,c-blue,2,FALSE,FALSE,blue,16,control,NA,NA,NA,74.513,214,18.088785046728972,16,0.9453567011310379,17.143428345597936
D,2,D2,9401,c-blue,2,FALSE,FALSE,blue,17,control,NA,NA,NA,94.415,272,34.5625,17,0.9453567011310379,33.61714329886896
D,3,D3,6818,c-blue,2,FALSE,FALSE,blue,18,control,NA,NA,NA,81.083,330,20.66060606060606,18,0.9453567011310379,19.715249359475024
D,4,D4,4467,c-blue,2,FALSE,FALSE,blue,19,control,NA,NA,NA,86.881,276,16.184782608695652,19,0.9453567011310379,15.239425907564614
D,5,D5,8092,c-blue,2,FALSE,FALSE,blue,20,control,NA,NA,NA,63.532,271,29.85977859778598,20,0.9453567011310379,28.914421896654943
A,1,A1,329,c-red,0,FALSE,FALSE,tweed,21,control,NA,NA,NA,71.994,329,1,21,1,0
A,2,A2,303,c-red,0,FALSE,FALSE,tweed,22,control,NA,NA,NA,72.805,303,1,22,1,0
A,3,A3,252,c-red,0,FALSE,FALSE,tweed,23,control,NA,NA,NA,66.354,252,1,23,1,0
A,4,A4,315,c-red,0,FALSE,FALSE,tweed,24,control,NA,NA,NA,61.983,315,1,24,1,0
A,5,A5,1151,c-red,0,FALSE,FALSE,tweed,25,control,NA,NA,NA,74.882,1151,1,25,1,0
B,1,B1,383,c-red,0,FALSE,FALSE,tweed,26,control,NA,NA,NA,82.164,383,1,26,1,0
B,2,B2,506,c-red,0,FALSE,FALSE,tweed,27,control,NA,NA,NA,99.605,506,1,27,1,0
B,3,B3,313,c-red,0,FALSE,FALSE,tweed,28,control,NA,NA,NA,79.645,313,1,28,1,0
B,4,B4,415,c-red,0,FALSE,FALSE,tweed,29,control,NA,NA,NA,58.412,415,1,29,1,0
B,5,B5,335,c-red,0,FALSE,FALSE,tweed,30,control,NA,NA,NA,73.746,335,1,30,1,0
C,1,C1,320,c-red,0,FALSE,FALSE,tweed,31,control,NA,NA,NA,81.913,320,1,31,1,0
C,2,C2,768,c-red,0,FALSE,FALSE,tweed,32,control,NA,NA,NA,102.427,768,1,32,1,0
C,3,C3,341,c-red,0,FALSE,FALSE,tweed,33,control,NA,NA,NA,66.711,341,1,33,1,0
C,4,C4,419,c-red,0,FALSE,FALSE,tweed,34,control,NA,NA,NA,100.066,419,1,34,1,0
C,5,C5,252,c-red,0,FALSE,FALSE,tweed,35,control,NA,NA,NA,89.189,252,1,35,1,0
D,1,D1,368,c-red,0,FALSE,FALSE,tweed,36,control,NA,NA,NA,56.825,368,1,36,1,0
D,2,D2,516,c-red,0,FALSE,FALSE,tweed,37,control,NA,NA,NA,89.18,516,1,37,1,0
D,3,D3,434,c-red,0,FALSE,FALSE,tweed,38,control,NA,NA,NA,70.575,434,1,38,1,0
D,4,D4,313,c-red,0,FALSE,FALSE,tweed,39,control,NA,NA,NA,79.301,313,1,39,1,0
D,5,D5,293,c-red,0,FALSE,FALSE,tweed,40,control,NA,NA,NA,66.713,293,1,40,1,0
A,1,A1,3754,c-red,0.5,FALSE,FALSE,tweed,21,control,NA,NA,NA,71.994,329,11.410334346504559,21,1.0153583531886439,10.394975993315915
A,2,A2,3038,c-red,0.5,FALSE,FALSE,tweed,22,control,NA,NA,NA,72.805,303,10.026402640264026,22,1.0153583531886439,9.011044287075382
A,3,A3,2184,c-red,0.5,FALSE,FALSE,tweed,23,control,NA,NA,NA,66.354,252,8.666666666666666,23,1.0153583531886439,7.651308313478022
A,4,A4,2652,c-red,0.5,FALSE,FALSE,tweed,24,control,NA,NA,NA,61.983,315,8.41904761904762,24,1.0153583531886439,7.403689265858976
A,5,A5,2939,c-red,0.5,FALSE,FALSE,tweed,25,control,NA,NA,NA,74.882,1151,2.5534317984361423,25,1.0153583531886439,1.5380734452474984
B,1,B1,4243,c-red,0.5,FALSE,FALSE,tweed,26,control,NA,NA,NA,82.164,383,11.078328981723237,26,1.0153583531886439,10.062970628534593
B,2,B2,3231,c-red,0.5,FALSE,FALSE,tweed,27,control,NA,NA,NA,99.605,506,6.3853754940711465,27,1.0153583531886439,5.370017140882503
B,3,B3,2381,c-red,0.5,FALSE,FALSE,tweed,28,control,NA,NA,NA,79.645,313,7.60702875399361,28,1.0153583531886439,6.591670400804967
B,4,B4,1979,c-red,0.5,FALSE,FALSE,tweed,29,control,NA,NA,NA,58.412,415,4.768674698795181,29,1.0153583531886439,3.753316345606537
B,5,B5,2727,c-red,0.5,FALSE,FALSE,tweed,30,control,NA,NA,NA,73.746,335,8.140298507462687,30,1.0153583531886439,7.124940154274043
C,1,C1,1707,c-red,0.5,FALSE,FALSE,tweed,31,control,NA,NA,NA,81.913,320,5.334375,31,1.0153583531886439,4.319016646811356
C,2,C2,3019,c-red,0.5,FALSE,FALSE,tweed,32,control,NA,NA,NA,102.427,768,3.9309895833333335,32,1.0153583531886439,2.9156312301446894
C,3,C3,2580,c-red,0.5,FALSE,FALSE,tweed,33,control,NA,NA,NA,66.711,341,7.5659824046920825,33,1.0153583531886439,6.550624051503439
C,4,C4,3998,c-red,0.5,FALSE,FALSE,tweed,34,control,NA,NA,NA,100.066,419,9.541766109785202,34,1.0153583531886439,8.526407756596559
C,5,C5,1467,c-red,0.5,FALSE,FALSE,tweed,35,control,NA,NA,NA,89.189,252,5.821428571428571,35,1.0153583531886439,4.8060702182399275
D,1,D1,1445,c-red,0.5,FALSE,FALSE,tweed,36,control,NA,NA,NA,56.825,368,3.926630434782609,36,1.0153583531886439,2.9112720815939648
D,2,D2,3357,c-red,0.5,FALSE,FALSE,tweed,37,control,NA,NA,NA,89.18,516,6.505813953488372,37,1.0153583531886439,5.490455600299728
D,3,D3,2539,c-red,0.5,FALSE,FALSE,tweed,38,control,NA,NA,NA,70.575,434,5.850230414746544,38,1.0153583531886439,4.8348720615579
D,4,D4,2424,c-red,0.5,FALSE,FALSE,tweed,39,control,NA,NA,NA,79.301,313,7.744408945686901,39,1.0153583531886439,6.7290505924982575
D,5,D5,2482,c-red,0.5,FALSE,FALSE,tweed,40,control,NA,NA,NA,66.713,293,8.47098976109215,40,1.0153583531886439,7.455631407903507
A,1,A1,6597,c-red,1,FALSE,FALSE,tweed,21,control,NA,NA,NA,71.994,329,20.051671732522795,21,1.0321121235335744,19.01955960898922
A,2,A2,6578,c-red,1,FALSE,FALSE,tweed,22,control,NA,NA,NA,72.805,303,21.70957095709571,22,1.0321121235335744,20.677458833562135
A,3,A3,3099,c-red,1,FALSE,FALSE,tweed,23,control,NA,NA,NA,66.354,252,12.297619047619047,23,1.0321121235335744,11.265506924085473
A,4,A4,4392,c-red,1,FALSE,FALSE,tweed,24,control,NA,NA,NA,61.983,315,13.942857142857143,24,1.0321121235335744,12.910745019323569
A,5,A5,5094,c-red,1,FALSE,FALSE,tweed,25,control,NA,NA,NA,74.882,1151,4.425716768027802,25,1.0321121235335744,3.3936046444942276
B,1,B1,8149,c-red,1,FALSE,FALSE,tweed,26,control,NA,NA,NA,82.164,383,21.276762402088774,26,1.0321121235335744,20.2446502785552
B,2,B2,9079,c-red,1,FALSE,FALSE,tweed,27,control,NA,NA,NA,99.605,506,17.942687747035574,27,1.0321121235335744,16.910575623501998
B,3,B3,4052,c-red,1,FALSE,FALSE,tweed,28,control,NA,NA,NA,79.645,313,12.945686900958467,28,1.0321121235335744,11.913574777424893
B,4,B4,3776,c-red,1,FALSE,FALSE,tweed,29,control,NA,NA,NA,58.412,415,9.098795180722892,29,1.0321121235335744,8.066683057189318
B,5,B5,5685,c-red,1,FALSE,FALSE,tweed,30,control,NA,NA,NA,73.746,335,16.970149253731343,30,1.0321121235335744,15.938037130197769
C,1,C1,3782,c-red,1,FALSE,FALSE,tweed,31,control,NA,NA,NA,81.913,320,11.81875,31,1.0321121235335744,10.786637876466425
C,2,C2,5848,c-red,1,FALSE,FALSE,tweed,32,control,NA,NA,NA,102.427,768,7.614583333333333,32,1.0321121235335744,6.582471209799759
C,3,C3,4853,c-red,1,FALSE,FALSE,tweed,33,control,NA,NA,NA,66.711,341,14.2316715542522,33,1.0321121235335744,13.199559430718626
C,4,C4,5993,c-red,1,FALSE,FALSE,tweed,34,control,NA,NA,NA,100.066,419,14.30310262529833,34,1.0321121235335744,13.270990501764755
C,5,C5,4293,c-red,1,FALSE,FALSE,tweed,35,control,NA,NA,NA,89.189,252,17.035714285714285,35,1.0321121235335744,16.00360216218071
D,1,D1,2923,c-red,1,FALSE,FALSE,tweed,36,control,NA,NA,NA,56.825,368,7.942934782608695,36,1.0321121235335744,6.910822659075121
D,2,D2,7534,c-red,1,FALSE,FALSE,tweed,37,control,NA,NA,NA,89.18,516,14.60077519379845,37,1.0321121235335744,13.568663070264876
D,3,D3,5685,c-red,1,FALSE,FALSE,tweed,38,control,NA,NA,NA,70.575,434,13.099078341013826,38,1.0321121235335744,12.066966217480251
D,4,D4,5307,c-red,1,FALSE,FALSE,tweed,39,control,NA,NA,NA,79.301,313,16.955271565495206,39,1.0321121235335744,15.923159441961632
D,5,D5,4127,c-red,1,FALSE,FALSE,tweed,40,control,NA,NA,NA,66.713,293,14.085324232081911,40,1.0321121235335744,13.053212108548337
A,1,A1,7511,c-red,1.5,FALSE,FALSE,tweed,21,control,NA,NA,NA,71.994,329,22.829787234042552,21,1.0146346352357642,21.815152598806787
A,2,A2,8491,c-red,1.5,FALSE,FALSE,tweed,22,control,NA,NA,NA,72.805,303,28.023102310231025,22,1.0146346352357642,27.00846767499526
A,3,A3,4262,c-red,1.5,FALSE,FALSE,tweed,23,control,NA,NA,NA,66.354,252,16.91269841269841,23,1.0146346352357642,15.898063777462648
A,4,A4,5288,c-red,1.5,FALSE,FALSE,tweed,24,control,NA,NA,NA,61.983,315,16.787301587301588,24,1.0146346352357642,15.772666952065824
A,5,A5,7043,c-red,1.5,FALSE,FALSE,tweed,25,control,NA,NA,NA,74.882,1151,6.119026933101651,25,1.0146346352357642,5.104392297865886
B,1,B1,8931,c-red,1.5,FALSE,FALSE,tweed,26,control,NA,NA,NA,82.164,383,23.318537859007833,26,1.0146346352357642,22.303903223772068
B,2,B2,10124,c-red,1.5,FALSE,FALSE,tweed,27,control,NA,NA,NA,99.605,506,20.007905138339922,27,1.0146346352357642,18.993270503104156
B,3,B3,7750,c-red,1.5,FALSE,FALSE,tweed,28,control,NA,NA,NA,79.645,313,24.76038338658147,28,1.0146346352357642,23.745748751345705
B,4,B4,4580,c-red,1.5,FALSE,FALSE,tweed,29,control,NA,NA,NA,58.412,415,11.036144578313253,29,1.0146346352357642,10.02150994307749
B,5,B5,9191,c-red,1.5,FALSE,FALSE,tweed,30,control,NA,NA,NA,73.746,335,27.435820895522387,30,1.0146346352357642,26.42118626028662
C,1,C1,5208,c-red,1.5,FALSE,FALSE,tweed,31,control,NA,NA,NA,81.913,320,16.275,31,1.0146346352357642,15.260365364764235
C,2,C2,7402,c-red,1.5,FALSE,FALSE,tweed,32,control,NA,NA,NA,102.427,768,9.638020833333334,32,1.0146346352357642,8.62338619809757
C,3,C3,7602,c-red,1.5,FALSE,FALSE,tweed,33,control,NA,NA,NA,66.711,341,22.29325513196481,33,1.0146346352357642,21.278620496729044
C,4,C4,6910,c-red,1.5,FALSE,FALSE,tweed,34,control,NA,NA,NA,100.066,419,16.49164677804296,34,1.0146346352357642,15.477012142807196
C,5,C5,5733,c-red,1.5,FALSE,FALSE,tweed,35,control,NA,NA,NA,89.189,252,22.75,35,1.0146346352357642,21.735365364764235
D,1,D1,3423,c-red,1.5,FALSE,FALSE,tweed,36,control,NA,NA,NA,56.825,368,9.30163043478261,36,1.0146346352357642,8.286995799546846
D,2,D2,8132,c-red,1.5,FALSE,FALSE,tweed,37,control,NA,NA,NA,89.18,516,15.75968992248062,37,1.0146346352357642,14.745055287244856
D,3,D3,7955,c-red,1.5,FALSE,FALSE,tweed,38,control,NA,NA,NA,70.575,434,18.329493087557605,38,1.0146346352357642,17.31485845232184
D,4,D4,6517,c-red,1.5,FALSE,FALSE,tweed,39,control,NA,NA,NA,79.301,313,20.82108626198083,39,1.0146346352357642,19.806451626745066
D,5,D5,6445,c-red,1.5,FALSE,FALSE,tweed,40,control,NA,NA,NA,66.713,293,21.996587030716725,40,1.0146346352357642,20.98195239548096
A,1,A1,7900,c-red,2,FALSE,FALSE,tweed,21,control,NA,NA,NA,71.994,329,24.012158054711247,21,0.977774603813518,23.034383450897728
A,2,A2,9309,c-red,2,FALSE,FALSE,tweed,22,control,NA,NA,NA,72.805,303,30.722772277227723,22,0.977774603813518,29.744997673414204
A,3,A3,4954,c-red,2,FALSE,FALSE,tweed,23,control,NA,NA,NA,66.354,252,19.658730158730158,23,0.977774603813518,18.68095555491664
A,4,A4,5891,c-red,2,FALSE,FALSE,tweed,24,control,NA,NA,NA,61.983,315,18.701587301587303,24,0.977774603813518,17.723812697773784
A,5,A5,9319,c-red,2,FALSE,FALSE,tweed,25,control,NA,NA,NA,74.882,1151,8.096437880104258,25,0.977774603813518,7.118663276290739
B,1,B1,8667,c-red,2,FALSE,FALSE,tweed,26,control,NA,NA,NA,82.164,383,22.62924281984334,26,0.977774603813518,21.651468216029823
B,2,B2,9722,c-red,2,FALSE,FALSE,tweed,27,control,NA,NA,NA,99.605,506,19.213438735177867,27,0.977774603813518,18.23566413136435
B,3,B3,9384,c-red,2,FALSE,FALSE,tweed,28,control,NA,NA,NA,79.645,313,29.98083067092652,28,0.977774603813518,29.003056067113
B,4,B4,5000,c-red,2,FALSE,FALSE,tweed,29,control,NA,NA,NA,58.412,415,12.048192771084338,29,0.977774603813518,11.07041816727082
B,5,B5,9896,c-red,2,FALSE,FALSE,tweed,30,control,NA,NA,NA,73.746,335,29.540298507462687,30,0.977774603813518,28.56252390364917
C,1,C1,5944,c-red,2,FALSE,FALSE,tweed,31,control,NA,NA,NA,81.913,320,18.575,31,0.977774603813518,17.59722539618648
C,2,C2,7589,c-red,2,FALSE,FALSE,tweed,32,control,NA,NA,NA,102.427,768,9.881510416666666,32,0.977774603813518,8.903735812853148
C,3,C3,8066,c-red,2,FALSE,FALSE,tweed,33,control,NA,NA,NA,66.711,341,23.653958944281523,33,0.977774603813518,22.676184340468005
C,4,C4,7696,c-red,2,FALSE,FALSE,tweed,34,control,NA,NA,NA,100.066,419,18.367541766109785,34,0.977774603813518,17.389767162296266
C,5,C5,6895,c-red,2,FALSE,FALSE,tweed,35,control,NA,NA,NA,89.189,252,27.36111111111111,35,0.977774603813518,26.383336507297592
D,1,D1,3426,c-red,2,FALSE,FALSE,tweed,36,control,NA,NA,NA,56.825,368,9.309782608695652,36,0.977774603813518,8.332008004882134
D,2,D2,7625,c-red,2,FALSE,FALSE,tweed,37,control,NA,NA,NA,89.18,516,14.777131782945736,37,0.977774603813518,13.799357179132217
D,3,D3,7892,c-red,2,FALSE,FALSE,tweed,38,control,NA,NA,NA,70.575,434,18.18433179723502,38,0.977774603813518,17.206557193421503
D,4,D4,6546,c-red,2,FALSE,FALSE,tweed,39,control,NA,NA,NA,79.301,313,20.91373801916933,39,0.977774603813518,19.93596341535581
D,5,D5,6441,c-red,2,FALSE,FALSE,tweed,40,control,NA,NA,NA,66.713,293,21.982935153583618,40,0.977774603813518,21.0051605497701
A,1,A1,582,s-blue,0,FALSE,FALSE,blue,41,selected,NA,NA,NA,89.469,582,1,41,1,0
A,2,A2,285,s-blue,0,FALSE,FALSE,blue,42,selected,NA,NA,NA,87.414,285,1,42,1,0
A,3,A3,419,s-blue,0,FALSE,FALSE,blue,43,selected,NA,NA,NA,62.206,419,1,43,1,0
A,4,A4,336,s-blue,0,FALSE,FALSE,blue,44,selected,NA,NA,NA,66.663,336,1,44,1,0
A,5,A5,398,s-blue,0,FALSE,FALSE,blue,45,selected,NA,NA,NA,101.939,398,1,45,1,0
B,1,B1,389,s-blue,0,FALSE,FALSE,blue,46,selected,NA,NA,NA,100.608,389,1,46,1,0
B,2,B2,348,s-blue,0,FALSE,FALSE,blue,47,selected,NA,NA,NA,118.715,348,1,47,1,0
B,3,B3,325,s-blue,0,FALSE,FALSE,blue,48,selected,NA,NA,NA,101.114,325,1,48,1,0
B,4,B4,257,s-blue,0,FALSE,FALSE,blue,49,selected,NA,NA,NA,112.65,257,1,49,1,0
B,5,B5,376,s-blue,0,FALSE,FALSE,blue,50,selected,NA,NA,NA,92.534,376,1,50,1,0
C,1,C1,385,s-blue,0,FALSE,FALSE,blue,51,selected,NA,NA,NA,119.131,385,1,51,1,0
C,2,C2,392,s-blue,0,FALSE,FALSE,blue,52,selected,NA,NA,NA,112.417,392,1,52,1,0
C,3,C3,273,s-blue,0,FALSE,FALSE,blue,53,selected,NA,NA,NA,94.709,273,1,53,1,0
C,4,C4,271,s-blue,0,FALSE,FALSE,blue,54,selected,NA,NA,NA,90.988,271,1,54,1,0
C,5,C5,385,s-blue,0,FALSE,FALSE,blue,55,selected,NA,NA,NA,96.921,385,1,55,1,0
D,1,D1,294,s-blue,0,FALSE,FALSE,blue,56,selected,NA,NA,NA,118.944,294,1,56,1,0
D,2,D2,318,s-blue,0,FALSE,FALSE,blue,57,selected,NA,NA,NA,125.335,318,1,57,1,0
D,3,D3,254,s-blue,0,FALSE,FALSE,blue,58,selected,NA,NA,NA,114.814,254,1,58,1,0
D,4,D4,410,s-blue,0,FALSE,FALSE,blue,59,selected,NA,NA,NA,103.862,410,1,59,1,0
D,5,D5,297,s-blue,0,FALSE,FALSE,blue,60,selected,NA,NA,NA,103.768,297,1,60,1,0
A,1,A1,4692,s-blue,0.5,FALSE,FALSE,blue,41,selected,NA,NA,NA,89.469,582,8.061855670103093,41,0.9736467033454264,7.088208966757666
A,2,A2,3390,s-blue,0.5,FALSE,FALSE,blue,42,selected,NA,NA,NA,87.414,285,11.894736842105264,42,0.9736467033454264,10.921090138759837
A,3,A3,1190,s-blue,0.5,FALSE,FALSE,blue,43,selected,NA,NA,NA,62.206,419,2.840095465393795,43,0.9736467033454264,1.8664487620483685
A,4,A4,3511,s-blue,0.5,FALSE,FALSE,blue,44,selected,NA,NA,NA,66.663,336,10.449404761904763,44,0.9736467033454264,9.475758058559336
A,5,A5,7103,s-blue,0.5,FALSE,FALSE,blue,45,selected,NA,NA,NA,101.939,398,17.84673366834171,45,0.9736467033454264,16.873086964996283
B,1,B1,2508,s-blue,0.5,FALSE,FALSE,blue,46,selected,NA,NA,NA,100.608,389,6.447300771208226,46,0.9736467033454264,5.4736540678628
B,2,B2,7674,s-blue,0.5,FALSE,FALSE,blue,47,selected,NA,NA,NA,118.715,348,22.051724137931036,47,0.9736467033454264,21.07807743458561
B,3,B3,1376,s-blue,0.5,FALSE,FALSE,blue,48,selected,NA,NA,NA,101.114,325,4.233846153846154,48,0.9736467033454264,3.260199450500728
B,4,B4,4549,s-blue,0.5,FALSE,FALSE,blue,49,selected,NA,NA,NA,112.65,257,17.700389105058367,49,0.9736467033454264,16.72674240171294
B,5,B5,2531,s-blue,0.5,FALSE,FALSE,blue,50,selected,NA,NA,NA,92.534,376,6.7313829787234045,50,0.9736467033454264,5.757736275377978
C,1,C1,4280,s-blue,0.5,FALSE,FALSE,blue,51,selected,NA,NA,NA,119.131,385,11.116883116883116,51,0.9736467033454264,10.14323641353769
C,2,C2,6262,s-blue,0.5,FALSE,FALSE,blue,52,selected,NA,NA,NA,112.417,392,15.974489795918368,52,0.9736467033454264,15.000843092572941
C,3,C3,4879,s-blue,0.5,FALSE,FALSE,blue,53,selected,NA,NA,NA,94.709,273,17.871794871794872,53,0.9736467033454264,16.898148168449445
C,4,C4,1206,s-blue,0.5,FALSE,FALSE,blue,54,selected,NA,NA,NA,90.988,271,4.450184501845018,54,0.9736467033454264,3.4765377984995918
C,5,C5,3970,s-blue,0.5,FALSE,FALSE,blue,55,selected,NA,NA,NA,96.921,385,10.311688311688311,55,0.9736467033454264,9.338041608342884
D,1,D1,4421,s-blue,0.5,FALSE,FALSE,blue,56,selected,NA,NA,NA,118.944,294,15.037414965986395,56,0.9736467033454264,14.063768262640968
D,2,D2,4533,s-blue,0.5,FALSE,FALSE,blue,57,selected,NA,NA,NA,125.335,318,14.254716981132075,57,0.9736467033454264,13.281070277786649
D,3,D3,3241,s-blue,0.5,FALSE,FALSE,blue,58,selected,NA,NA,NA,114.814,254,12.759842519685039,58,0.9736467033454264,11.786195816339612
D,4,D4,2783,s-blue,0.5,FALSE,FALSE,blue,59,selected,NA,NA,NA,103.862,410,6.787804878048781,59,0.9736467033454264,5.814158174703355
D,5,D5,1744,s-blue,0.5,FALSE,FALSE,blue,60,selected,NA,NA,NA,103.768,297,5.872053872053872,60,0.9736467033454264,4.898407168708445
A,1,A1,7428,s-blue,1,FALSE,FALSE,blue,41,selected,NA,NA,NA,89.469,582,12.762886597938145,41,0.9722500553007337,11.790636542637412
A,2,A2,5960,s-blue,1,FALSE,FALSE,blue,42,selected,NA,NA,NA,87.414,285,20.912280701754387,42,0.9722500553007337,19.940030646453653
A,3,A3,2163,s-blue,1,FALSE,FALSE,blue,43,selected,NA,NA,NA,62.206,419,5.162291169451074,43,0.9722500553007337,4.190041114150341
A,4,A4,6903,s-blue,1,FALSE,FALSE,blue,44,selected,NA,NA,NA,66.663,336,20.544642857142858,44,0.9722500553007337,19.572392801842124
A,5,A5,9956,s-blue,1,FALSE,FALSE,blue,45,selected,NA,NA,NA,101.939,398,25.015075376884422,45,0.9722500553007337,24.04282532158369
B,1,B1,5446,s-blue,1,FALSE,FALSE,blue,46,selected,NA,NA,NA,100.608,389,14,46,0.9722500553007337,13.027749944699266
B,2,B2,10425,s-blue,1,FALSE,FALSE,blue,47,selected,NA,NA,NA,118.715,348,29.95689655172414,47,0.9722500553007337,28.984646496423405
B,3,B3,2644,s-blue,1,FALSE,FALSE,blue,48,selected,NA,NA,NA,101.114,325,8.135384615384615,48,0.9722500553007337,7.163134560083881
B,4,B4,7865,s-blue,1,FALSE,FALSE,blue,49,selected,NA,NA,NA,112.65,257,30.603112840466927,49,0.9722500553007337,29.630862785166194
B,5,B5,7603,s-blue,1,FALSE,FALSE,blue,50,selected,NA,NA,NA,92.534,376,20.220744680851062,50,0.9722500553007337,19.24849462555033
C,1,C1,9331,s-blue,1,FALSE,FALSE,blue,51,selected,NA,NA,NA,119.131,385,24.236363636363638,51,0.9722500553007337,23.264113581062905
C,2,C2,9753,s-blue,1,FALSE,FALSE,blue,52,selected,NA,NA,NA,112.417,392,24.880102040816325,52,0.9722500553007337,23.90785198551559
C,3,C3,8943,s-blue,1,FALSE,FALSE,blue,53,selected,NA,NA,NA,94.709,273,32.75824175824176,53,0.9722500553007337,31.785991702941025
C,4,C4,3823,s-blue,1,FALSE,FALSE,blue,54,selected,NA,NA,NA,90.988,271,14.107011070110701,54,0.9722500553007337,13.134761014809968
C,5,C5,6913,s-blue,1,FALSE,FALSE,blue,55,selected,NA,NA,NA,96.921,385,17.955844155844154,55,0.9722500553007337,16.98359410054342
D,1,D1,7738,s-blue,1,FALSE,FALSE,blue,56,selected,NA,NA,NA,118.944,294,26.31972789115646,56,0.9722500553007337,25.347477835855727
D,2,D2,8789,s-blue,1,FALSE,FALSE,blue,57,selected,NA,NA,NA,125.335,318,27.638364779874212,57,0.9722500553007337,26.66611472457348
D,3,D3,6775,s-blue,1,FALSE,FALSE,blue,58,selected,NA,NA,NA,114.814,254,26.673228346456693,58,0.9722500553007337,25.70097829115596
D,4,D4,5091,s-blue,1,FALSE,FALSE,blue,59,selected,NA,NA,NA,103.862,410,12.417073170731708,59,0.9722500553007337,11.444823115430975
D,5,D5,4711,s-blue,1,FALSE,FALSE,blue,60,selected,NA,NA,NA,103.768,297,15.861952861952862,60,0.9722500553007337,14.889702806652128
A,1,A1,9132,s-blue,1.5,FALSE,FALSE,blue,41,selected,NA,NA,NA,89.469,582,15.690721649484535,41,0.9492690274314376,14.741452622053098
A,2,A2,7676,s-blue,1.5,FALSE,FALSE,blue,42,selected,NA,NA,NA,87.414,285,26.933333333333334,42,0.9492690274314376,25.984064305901896
A,3,A3,3417,s-blue,1.5,FALSE,FALSE,blue,43,selected,NA,NA,NA,62.206,419,8.155131264916468,43,0.9492690274314376,7.2058622374850305
A,4,A4,9463,s-blue,1.5,FALSE,FALSE,blue,44,selected,NA,NA,NA,66.663,336,28.163690476190474,44,0.9492690274314376,27.214421448759037
A,5,A5,10529,s-blue,1.5,FALSE,FALSE,blue,45,selected,NA,NA,NA,101.939,398,26.454773869346734,45,0.9492690274314376,25.505504841915297
B,1,B1,7359,s-blue,1.5,FALSE,FALSE,blue,46,selected,NA,NA,NA,100.608,389,18.917737789203084,46,0.9492690274314376,17.968468761771646
B,2,B2,10306,s-blue,1.5,FALSE,FALSE,blue,47,selected,NA,NA,NA,118.715,348,29.614942528735632,47,0.9492690274314376,28.665673501304195
B,3,B3,4509,s-blue,1.5,FALSE,FALSE,blue,48,selected,NA,NA,NA,101.114,325,13.873846153846154,48,0.9492690274314376,12.924577126414716
B,4,B4,9689,s-blue,1.5,FALSE,FALSE,blue,49,selected,NA,NA,NA,112.65,257,37.70038910505836,49,0.9492690274314376,36.75112007762693
B,5,B5,9956,s-blue,1.5,FALSE,FALSE,blue,50,selected,NA,NA,NA,92.534,376,26.47872340425532,50,0.9492690274314376,25.52945437682388
C,1,C1,10046,s-blue,1.5,FALSE,FALSE,blue,51,selected,NA,NA,NA,119.131,385,26.093506493506492,51,0.9492690274314376,25.144237466075054
C,2,C2,10597,s-blue,1.5,FALSE,FALSE,blue,52,selected,NA,NA,NA,112.417,392,27.033163265306122,52,0.9492690274314376,26.083894237874684
C,3,C3,9957,s-blue,1.5,FALSE,FALSE,blue,53,selected,NA,NA,NA,94.709,273,36.472527472527474,53,0.9492690274314376,35.52325844509604
C,4,C4,5908,s-blue,1.5,FALSE,FALSE,blue,54,selected,NA,NA,NA,90.988,271,21.800738007380073,54,0.9492690274314376,20.851468979948635
C,5,C5,7971,s-blue,1.5,FALSE,FALSE,blue,55,selected,NA,NA,NA,96.921,385,20.703896103896103,55,0.9492690274314376,19.754627076464665
D,1,D1,8894,s-blue,1.5,FALSE,FALSE,blue,56,selected,NA,NA,NA,118.944,294,30.25170068027211,56,0.9492690274314376,29.30243165284067
D,2,D2,10718,s-blue,1.5,FALSE,FALSE,blue,57,selected,NA,NA,NA,125.335,318,33.704402515723274,57,0.9492690274314376,32.75513348829184
D,3,D3,8640,s-blue,1.5,FALSE,FALSE,blue,58,selected,NA,NA,NA,114.814,254,34.01574803149607,58,0.9492690274314376,33.06647900406463
D,4,D4,7195,s-blue,1.5,FALSE,FALSE,blue,59,selected,NA,NA,NA,103.862,410,17.548780487804876,59,0.9492690274314376,16.59951146037344
D,5,D5,6746,s-blue,1.5,FALSE,FALSE,blue,60,selected,NA,NA,NA,103.768,297,22.713804713804713,60,0.9492690274314376,21.764535686373275
A,1,A1,9956,s-blue,2,FALSE,FALSE,blue,41,selected,NA,NA,NA,89.469,582,17.106529209621993,41,0.9360087885127789,16.170520421109213
A,2,A2,8562,s-blue,2,FALSE,FALSE,blue,42,selected,NA,NA,NA,87.414,285,30.042105263157893,42,0.9360087885127789,29.106096474645113
A,3,A3,4952,s-blue,2,FALSE,FALSE,blue,43,selected,NA,NA,NA,62.206,419,11.818615751789975,43,0.9360087885127789,10.882606963277196
A,4,A4,9984,s-blue,2,FALSE,FALSE,blue,44,selected,NA,NA,NA,66.663,336,29.714285714285715,44,0.9360087885127789,28.778276925772936
A,5,A5,10262,s-blue,2,FALSE,FALSE,blue,45,selected,NA,NA,NA,101.939,398,25.78391959798995,45,0.9360087885127789,24.84791080947717
B,1,B1,8705,s-blue,2,FALSE,FALSE,blue,46,selected,NA,NA,NA,100.608,389,22.37789203084833,46,0.9360087885127789,21.44188324233555
B,2,B2,10068,s-blue,2,FALSE,FALSE,blue,47,selected,NA,NA,NA,118.715,348,28.93103448275862,47,0.9360087885127789,27.99502569424584
B,3,B3,6896,s-blue,2,FALSE,FALSE,blue,48,selected,NA,NA,NA,101.114,325,21.21846153846154,48,0.9360087885127789,20.28245274994876
B,4,B4,10638,s-blue,2,FALSE,FALSE,blue,49,selected,NA,NA,NA,112.65,257,41.39299610894942,49,0.9360087885127789,40.45698732043664
B,5,B5,11614,s-blue,2,FALSE,FALSE,blue,50,selected,NA,NA,NA,92.534,376,30.888297872340427,50,0.9360087885127789,29.952289083827647
C,1,C1,9541,s-blue,2,FALSE,FALSE,blue,51,selected,NA,NA,NA,119.131,385,24.78181818181818,51,0.9360087885127789,23.8458093933054
C,2,C2,8816,s-blue,2,FALSE,FALSE,blue,52,selected,NA,NA,NA,112.417,392,22.489795918367346,52,0.9360087885127789,21.553787129854566
C,3,C3,10322,s-blue,2,FALSE,FALSE,blue,53,selected,NA,NA,NA,94.709,273,37.80952380952381,53,0.9360087885127789,36.87351502101103
C,4,C4,6868,s-blue,2,FALSE,FALSE,blue,54,selected,NA,NA,NA,90.988,271,25.343173431734318,54,0.9360087885127789,24.407164643221538
C,5,C5,8537,s-blue,2,FALSE,FALSE,blue,55,selected,NA,NA,NA,96.921,385,22.174025974025973,55,0.9360087885127789,21.238017185513193
D,1,D1,9253,s-blue,2,FALSE,FALSE,blue,56,selected,NA,NA,NA,118.944,294,31.472789115646258,56,0.9360087885127789,30.536780327133478
D,2,D2,11430,s-blue,2,FALSE,FALSE,blue,57,selected,NA,NA,NA,125.335,318,35.943396226415096,57,0.9360087885127789,35.00738743790232
D,3,D3,10184,s-blue,2,FALSE,FALSE,blue,58,selected,NA,NA,NA,114.814,254,40.09448818897638,58,0.9360087885127789,39.1584794004636
D,4,D4,8732,s-blue,2,FALSE,FALSE,blue,59,selected,NA,NA,NA,103.862,410,21.297560975609755,59,0.9360087885127789,20.361552187096976
D,5,D5,8538,s-blue,2,FALSE,FALSE,blue,60,selected,NA,NA,NA,103.768,297,28.747474747474747,60,0.9360087885127789,27.811465958961968
A,1,A1,582,s-red,0,FALSE,FALSE,tweed,61,selected,NA,NA,NA,107.108,582,1,61,1,0
A,2,A2,285,s-red,0,FALSE,FALSE,tweed,62,selected,NA,NA,NA,110.029,285,1,62,1,0
A,3,A3,419,s-red,0,FALSE,FALSE,tweed,63,selected,NA,NA,NA,101.213,419,1,63,1,0
A,4,A4,336,s-red,0,FALSE,FALSE,tweed,64,selected,NA,NA,NA,98.535,336,1,64,1,0
A,5,A5,398,s-red,0,FALSE,FALSE,tweed,65,selected,NA,NA,NA,110.001,398,1,65,1,0
B,1,B1,389,s-red,0,FALSE,FALSE,tweed,66,selected,NA,NA,NA,113.57,389,1,66,1,0
B,2,B2,348,s-red,0,FALSE,FALSE,tweed,67,selected,NA,NA,NA,105.466,348,1,67,1,0
B,3,B3,325,s-red,0,FALSE,FALSE,tweed,68,selected,NA,NA,NA,92.495,325,1,68,1,0
B,4,B4,257,s-red,0,FALSE,FALSE,tweed,69,selected,NA,NA,NA,70.012,257,1,69,1,0
B,5,B5,376,s-red,0,FALSE,FALSE,tweed,70,selected,NA,NA,NA,90.826,376,1,70,1,0
C,1,C1,385,s-red,0,FALSE,FALSE,tweed,71,selected,NA,NA,NA,109.528,385,1,71,1,0
C,2,C2,392,s-red,0,FALSE,FALSE,tweed,72,selected,NA,NA,NA,105.665,392,1,72,1,0
C,3,C3,273,s-red,0,FALSE,FALSE,tweed,73,selected,NA,NA,NA,77.025,273,1,73,1,0
C,4,C4,271,s-red,0,FALSE,FALSE,tweed,74,selected,NA,NA,NA,96.877,271,1,74,1,0
C,5,C5,385,s-red,0,FALSE,FALSE,tweed,75,selected,NA,NA,NA,90.278,385,1,75,1,0
D,1,D1,294,s-red,0,FALSE,FALSE,tweed,76,selected,NA,NA,NA,84.028,294,1,76,1,0
D,2,D2,318,s-red,0,FALSE,FALSE,tweed,77,selected,NA,NA,NA,104.456,318,1,77,1,0
D,3,D3,254,s-red,0,FALSE,FALSE,tweed,78,selected,NA,NA,NA,92.694,254,1,78,1,0
D,4,D4,410,s-red,0,FALSE,FALSE,tweed,79,selected,NA,NA,NA,99.693,410,1,79,1,0
D,5,D5,297,s-red,0,FALSE,FALSE,tweed,80,selected,NA,NA,NA,44.178,297,1,80,1,0
A,1,A1,3218,s-red,0.5,FALSE,FALSE,tweed,61,selected,NA,NA,NA,107.108,582,5.529209621993127,61,1.3382633612581736,4.190946260734954
A,2,A2,1922,s-red,0.5,FALSE,FALSE,tweed,62,selected,NA,NA,NA,110.029,285,6.743859649122807,62,1.3382633612581736,5.405596287864633
A,3,A3,4832,s-red,0.5,FALSE,FALSE,tweed,63,selected,NA,NA,NA,101.213,419,11.532219570405728,63,1.3382633612581736,10.193956209147554
A,4,A4,1776,s-red,0.5,FALSE,FALSE,tweed,64,selected,NA,NA,NA,98.535,336,5.285714285714286,64,1.3382633612581736,3.947450924456112
A,5,A5,3696,s-red,0.5,FALSE,FALSE,tweed,65,selected,NA,NA,NA,110.001,398,9.28643216080402,65,1.3382633612581736,7.948168799545847
B,1,B1,3484,s-red,0.5,FALSE,FALSE,tweed,66,selected,NA,NA,NA,113.57,389,8.956298200514139,66,1.3382633612581736,7.618034839255966
B,2,B2,2306,s-red,0.5,FALSE,FALSE,tweed,67,selected,NA,NA,NA,105.466,348,6.626436781609195,67,1.3382633612581736,5.288173420351022
B,3,B3,1513,s-red,0.5,FALSE,FALSE,tweed,68,selected,NA,NA,NA,92.495,325,4.655384615384615,68,1.3382633612581736,3.3171212541264414
B,4,B4,1013,s-red,0.5,FALSE,FALSE,tweed,69,selected,NA,NA,NA,70.012,257,3.9416342412451364,69,1.3382633612581736,2.603370879986963
B,5,B5,2471,s-red,0.5,FALSE,FALSE,tweed,70,selected,NA,NA,NA,90.826,376,6.571808510638298,70,1.3382633612581736,5.233545149380124
C,1,C1,5953,s-red,0.5,FALSE,FALSE,tweed,71,selected,NA,NA,NA,109.528,385,15.462337662337662,71,1.3382633612581736,14.124074301079489
C,2,C2,1647,s-red,0.5,FALSE,FALSE,tweed,72,selected,NA,NA,NA,105.665,392,4.201530612244898,72,1.3382633612581736,2.8632672509867247
C,3,C3,1027,s-red,0.5,FALSE,FALSE,tweed,73,selected,NA,NA,NA,77.025,273,3.761904761904762,73,1.3382633612581736,2.4236414006465883
C,4,C4,2077,s-red,0.5,FALSE,FALSE,tweed,74,selected,NA,NA,NA,96.877,271,7.6642066420664205,74,1.3382633612581736,6.3259432808082465
C,5,C5,2154,s-red,0.5,FALSE,FALSE,tweed,75,selected,NA,NA,NA,90.278,385,5.594805194805195,75,1.3382633612581736,4.256541833547022
D,1,D1,2306,s-red,0.5,FALSE,FALSE,tweed,76,selected,NA,NA,NA,84.028,294,7.8435374149659864,76,1.3382633612581736,6.505274053707813
D,2,D2,2397,s-red,0.5,FALSE,FALSE,tweed,77,selected,NA,NA,NA,104.456,318,7.537735849056604,77,1.3382633612581736,6.199472487798431
D,3,D3,1142,s-red,0.5,FALSE,FALSE,tweed,78,selected,NA,NA,NA,92.694,254,4.496062992125984,78,1.3382633612581736,3.1577996308678107
D,4,D4,4263,s-red,0.5,FALSE,FALSE,tweed,79,selected,NA,NA,NA,99.693,410,10.397560975609757,79,1.3382633612581736,9.059297614351584
D,5,D5,4351,s-red,0.5,FALSE,FALSE,tweed,80,selected,NA,NA,NA,44.178,297,14.64983164983165,80,1.3382633612581736,13.311568288573477
A,1,A1,6196,s-red,1,FALSE,FALSE,tweed,61,selected,NA,NA,NA,107.108,582,10.646048109965635,61,1.7522650563352877,8.893783053630347
A,2,A2,4134,s-red,1,FALSE,FALSE,tweed,62,selected,NA,NA,NA,110.029,285,14.505263157894737,62,1.7522650563352877,12.752998101559449
A,3,A3,8190,s-red,1,FALSE,FALSE,tweed,63,selected,NA,NA,NA,101.213,419,19.54653937947494,63,1.7522650563352877,17.794274323139653
A,4,A4,3808,s-red,1,FALSE,FALSE,tweed,64,selected,NA,NA,NA,98.535,336,11.333333333333334,64,1.7522650563352877,9.581068276998046
A,5,A5,7021,s-red,1,FALSE,FALSE,tweed,65,selected,NA,NA,NA,110.001,398,17.64070351758794,65,1.7522650563352877,15.888438461252653
B,1,B1,6718,s-red,1,FALSE,FALSE,tweed,66,selected,NA,NA,NA,113.57,389,17.26992287917738,66,1.7522650563352877,15.517657822842091
B,2,B2,5112,s-red,1,FALSE,FALSE,tweed,67,selected,NA,NA,NA,105.466,348,14.689655172413794,67,1.7522650563352877,12.937390116078506
B,3,B3,4175,s-red,1,FALSE,FALSE,tweed,68,selected,NA,NA,NA,92.495,325,12.846153846153847,68,1.7522650563352877,11.093888789818559
B,4,B4,1979,s-red,1,FALSE,FALSE,tweed,69,selected,NA,NA,NA,70.012,257,7.700389105058366,69,1.7522650563352877,5.948124048723078
B,5,B5,4819,s-red,1,FALSE,FALSE,tweed,70,selected,NA,NA,NA,90.826,376,12.816489361702128,70,1.7522650563352877,11.06422430536684
C,1,C1,9814,s-red,1,FALSE,FALSE,tweed,71,selected,NA,NA,NA,109.528,385,25.490909090909092,71,1.7522650563352877,23.738644034573806
C,2,C2,4165,s-red,1,FALSE,FALSE,tweed,72,selected,NA,NA,NA,105.665,392,10.625,72,1.7522650563352877,8.872734943664712
C,3,C3,1838,s-red,1,FALSE,FALSE,tweed,73,selected,NA,NA,NA,77.025,273,6.732600732600733,73,1.7522650563352877,4.980335676265445
C,4,C4,3383,s-red,1,FALSE,FALSE,tweed,74,selected,NA,NA,NA,96.877,271,12.48339483394834,74,1.7522650563352877,10.731129777613052
C,5,C5,4525,s-red,1,FALSE,FALSE,tweed,75,selected,NA,NA,NA,90.278,385,11.753246753246753,75,1.7522650563352877,10.000981696911465
D,1,D1,3716,s-red,1,FALSE,FALSE,tweed,76,selected,NA,NA,NA,84.028,294,12.639455782312925,76,1.7522650563352877,10.887190725977637
D,2,D2,4252,s-red,1,FALSE,FALSE,tweed,77,selected,NA,NA,NA,104.456,318,13.371069182389936,77,1.7522650563352877,11.618804126054648
D,3,D3,2511,s-red,1,FALSE,FALSE,tweed,78,selected,NA,NA,NA,92.694,254,9.885826771653543,78,1.7522650563352877,8.133561715318255
D,4,D4,6841,s-red,1,FALSE,FALSE,tweed,79,selected,NA,NA,NA,99.693,410,16.685365853658535,79,1.7522650563352877,14.933100797323247
D,5,D5,7145,s-red,1,FALSE,FALSE,tweed,80,selected,NA,NA,NA,44.178,297,24.05723905723906,80,1.7522650563352877,22.304974000903773
A,1,A1,8258,s-red,1.5,FALSE,FALSE,tweed,61,selected,NA,NA,NA,107.108,582,14.189003436426116,61,2.004802596682086,12.18420083974403
A,2,A2,6096,s-red,1.5,FALSE,FALSE,tweed,62,selected,NA,NA,NA,110.029,285,21.389473684210525,62,2.004802596682086,19.38467108752844
A,3,A3,9929,s-red,1.5,FALSE,FALSE,tweed,63,selected,NA,NA,NA,101.213,419,23.69689737470167,63,2.004802596682086,21.692094778019584
A,4,A4,5670,s-red,1.5,FALSE,FALSE,tweed,64,selected,NA,NA,NA,98.535,336,16.875,64,2.004802596682086,14.870197403317913
A,5,A5,9344,s-red,1.5,FALSE,FALSE,tweed,65,selected,NA,NA,NA,110.001,398,23.477386934673365,65,2.004802596682086,21.47258433799128
B,1,B1,8564,s-red,1.5,FALSE,FALSE,tweed,66,selected,NA,NA,NA,113.57,389,22.015424164524422,66,2.004802596682086,20.010621567842335
B,2,B2,6934,s-red,1.5,FALSE,FALSE,tweed,67,selected,NA,NA,NA,105.466,348,19.92528735632184,67,2.004802596682086,17.920484759639752
B,3,B3,6472,s-red,1.5,FALSE,FALSE,tweed,68,selected,NA,NA,NA,92.495,325,19.913846153846155,68,2.004802596682086,17.90904355716407
B,4,B4,3285,s-red,1.5,FALSE,FALSE,tweed,69,selected,NA,NA,NA,70.012,257,12.782101167315176,69,2.004802596682086,10.77729857063309
B,5,B5,7217,s-red,1.5,FALSE,FALSE,tweed,70,selected,NA,NA,NA,90.826,376,19.194148936170212,70,2.004802596682086,17.189346339488125
C,1,C1,10028,s-red,1.5,FALSE,FALSE,tweed,71,selected,NA,NA,NA,109.528,385,26.046753246753248,71,2.004802596682086,24.04195065007116
C,2,C2,6299,s-red,1.5,FALSE,FALSE,tweed,72,selected,NA,NA,NA,105.665,392,16.068877551020407,72,2.004802596682086,14.06407495433832
C,3,C3,2730,s-red,1.5,FALSE,FALSE,tweed,73,selected,NA,NA,NA,77.025,273,10,73,2.004802596682086,7.995197403317913
C,4,C4,4239,s-red,1.5,FALSE,FALSE,tweed,74,selected,NA,NA,NA,96.877,271,15.642066420664207,74,2.004802596682086,13.63726382398212
C,5,C5,5495,s-red,1.5,FALSE,FALSE,tweed,75,selected,NA,NA,NA,90.278,385,14.272727272727273,75,2.004802596682086,12.267924676045187
D,1,D1,3980,s-red,1.5,FALSE,FALSE,tweed,76,selected,NA,NA,NA,84.028,294,13.537414965986395,76,2.004802596682086,11.532612369304308
D,2,D2,5505,s-red,1.5,FALSE,FALSE,tweed,77,selected,NA,NA,NA,104.456,318,17.31132075471698,77,2.004802596682086,15.306518158034894
D,3,D3,3868,s-red,1.5,FALSE,FALSE,tweed,78,selected,NA,NA,NA,92.694,254,15.228346456692913,78,2.004802596682086,13.223543860010826
D,4,D4,8188,s-red,1.5,FALSE,FALSE,tweed,79,selected,NA,NA,NA,99.693,410,19.970731707317075,79,2.004802596682086,17.96592911063499
D,5,D5,7945,s-red,1.5,FALSE,FALSE,tweed,80,selected,NA,NA,NA,44.178,297,26.75084175084175,80,2.004802596682086,24.746039154159664
A,1,A1,9472,s-red,2,FALSE,FALSE,tweed,61,selected,NA,NA,NA,107.108,582,16.274914089347078,61,2.16588510732565,14.109028982021428
A,2,A2,7787,s-red,2,FALSE,FALSE,tweed,62,selected,NA,NA,NA,110.029,285,27.32280701754386,62,2.16588510732565,25.15692191021821
A,3,A3,10609,s-red,2,FALSE,FALSE,tweed,63,selected,NA,NA,NA,101.213,419,25.31980906921241,63,2.16588510732565,23.15392396188676
A,4,A4,6293,s-red,2,FALSE,FALSE,tweed,64,selected,NA,NA,NA,98.535,336,18.729166666666668,64,2.16588510732565,16.563281559341018
A,5,A5,9882,s-red,2,FALSE,FALSE,tweed,65,selected,NA,NA,NA,110.001,398,24.829145728643216,65,2.16588510732565,22.663260621317566
B,1,B1,9863,s-red,2,FALSE,FALSE,tweed,66,selected,NA,NA,NA,113.57,389,25.354755784061698,66,2.16588510732565,23.188870676736048
B,2,B2,8185,s-red,2,FALSE,FALSE,tweed,67,selected,NA,NA,NA,105.466,348,23.520114942528735,67,2.16588510732565,21.354229835203085
B,3,B3,7593,s-red,2,FALSE,FALSE,tweed,68,selected,NA,NA,NA,92.495,325,23.363076923076925,68,2.16588510732565,21.197191815751275
B,4,B4,4533,s-red,2,FALSE,FALSE,tweed,69,selected,NA,NA,NA,70.012,257,17.638132295719846,69,2.16588510732565,15.472247188394196
B,5,B5,8570,s-red,2,FALSE,FALSE,tweed,70,selected,NA,NA,NA,90.826,376,22.79255319148936,70,2.16588510732565,20.62666808416371
C,1,C1,10181,s-red,2,FALSE,FALSE,tweed,71,selected,NA,NA,NA,109.528,385,26.444155844155844,71,2.16588510732565,24.278270736830194
C,2,C2,8040,s-red,2,FALSE,FALSE,tweed,72,selected,NA,NA,NA,105.665,392,20.510204081632654,72,2.16588510732565,18.344318974307004
C,3,C3,3819,s-red,2,FALSE,FALSE,tweed,73,selected,NA,NA,NA,77.025,273,13.989010989010989,73,2.16588510732565,11.823125881685339
C,4,C4,5117,s-red,2,FALSE,FALSE,tweed,74,selected,NA,NA,NA,96.877,271,18.881918819188193,74,2.16588510732565,16.716033711862543
C,5,C5,6627,s-red,2,FALSE,FALSE,tweed,75,selected,NA,NA,NA,90.278,385,17.212987012987014,75,2.16588510732565,15.047101905661364
D,1,D1,4756,s-red,2,FALSE,FALSE,tweed,76,selected,NA,NA,NA,84.028,294,16.17687074829932,76,2.16588510732565,14.010985640973669
D,2,D2,6754,s-red,2,FALSE,FALSE,tweed,77,selected,NA,NA,NA,104.456,318,21.238993710691823,77,2.16588510732565,19.073108603366173
D,3,D3,4799,s-red,2,FALSE,FALSE,tweed,78,selected,NA,NA,NA,92.694,254,18.893700787401574,78,2.16588510732565,16.727815680075924
D,4,D4,8065,s-red,2,FALSE,FALSE,tweed,79,selected,NA,NA,NA,99.693,410,19.670731707317074,79,2.16588510732565,17.504846599991424
D,5,D5,8251,s-red,2,FALSE,FALSE,tweed,80,selected,NA,NA,NA,44.178,297,27.781144781144782,80,2.16588510732565,25.615259673819132
