row_id,col_id,well_id,value,plate_id,time_hr,is_blank,exclude_from_analysis,family_id_group,sample_id_group,treatment_group,width_mm_measurement,length_mm_measurement,weight_mg_measurement,area_mm2_measurement,value_t0,fold_change,trace_id,mean_blank_fc,corrected_fc,metabolism_per_area_mm2_measurement
A,1,A1,583,a,0,FALSE,FALSE,tweed,1,selected,NA,NA,NA,142.876,583,1,1,1,0,0
A,2,A2,360,a,0,FALSE,FALSE,blue,2,selected,NA,NA,NA,71.137,360,1,2,1,0,0
A,3,A3,898,a,0,FALSE,FALSE,tweed,3,control,NA,NA,NA,92.319,898,1,3,1,0,0
A,4,A4,455,a,0,FALSE,FALSE,blue,4,control,NA,NA,NA,75.343,455,1,4,1,0,0
B,1,B1,421,a,0,FALSE,FALSE,tweed,5,selected,NA,NA,NA,101.807,421,1,5,1,0,0
B,2,B2,1195,a,0,FALSE,FALSE,blue,6,selected,NA,NA,NA,143.198,1195,1,6,1,0,0
B,3,B3,733,a,0,FALSE,FALSE,tweed,7,control,NA,NA,NA,119.68,733,1,7,1,0,0
B,4,B4,503,a,0,FALSE,FALSE,blue,8,control,NA,NA,NA,101.457,503,1,8,1,0,0
C,1,C1,734,a,0,FALSE,FALSE,tweed,9,selected,NA,NA,NA,163.33,734,1,9,1,0,0
C,2,C2,428,a,0,FALSE,FALSE,blue,10,selected,NA,NA,NA,197.328,428,1,10,1,0,0
C,3,C3,1768,a,0,FALSE,FALSE,tweed,11,control,NA,NA,NA,140.909,1768,1,11,1,0,0
A,1,A1,6799,a,1,FALSE,FALSE,tweed,1,selected,NA,NA,NA,142.876,583,11.662092624356776,1,0.9855072463768116,10.676585377979963,0.07472623378300039
A,2,A2,2396,a,1,FALSE,FALSE,blue,2,selected,NA,NA,NA,71.137,360,6.655555555555556,2,0.9855072463768116,5.670048309178744,0.07970603636896052
A,3,A3,3599,a,1,FALSE,FALSE,tweed,3,control,NA,NA,NA,92.319,898,4.007795100222717,3,0.9855072463768116,3.0222878538459055,0.03273744141342416
A,4,A4,2975,a,1,FALSE,FALSE,blue,4,control,NA,NA,NA,75.343,455,6.538461538461538,4,0.9855072463768116,5.552954292084727,0.0737023252602727
B,1,B1,3191,a,1,FALSE,FALSE,tweed,5,selected,NA,NA,NA,101.807,421,7.57957244655582,5,0.9855072463768116,6.594065200179008,0.06477025352067155
B,2,B2,9515,a,1,FALSE,FALSE,blue,6,selected,NA,NA,NA,143.198,1195,7.96234309623431,6,0.9855072463768116,6.9768358498574985,0.04872160120851896
B,3,B3,4750,a,1,FALSE,FALSE,tweed,7,control,NA,NA,NA,119.68,733,6.4802182810368345,7,0.9855072463768116,5.494711034660023,0.0459116897949534
B,4,B4,4469,a,1,FALSE,FALSE,blue,8,control,NA,NA,NA,101.457,503,8.884691848906561,8,0.9855072463768116,7.89918460252975,0.07785746279241205
C,1,C1,4108,a,1,FALSE,FALSE,tweed,9,selected,NA,NA,NA,163.33,734,5.5967302452316074,9,0.9855072463768116,4.611222998854796,0.028232553718574638
C,2,C2,3758,a,1,FALSE,FALSE,blue,10,selected,NA,NA,NA,197.328,428,8.780373831775702,10,0.9855072463768116,7.79486658539889,0.03950208072548696
C,3,C3,13395,a,1,FALSE,FALSE,tweed,11,control,NA,NA,NA,140.909,1768,7.576357466063349,11,0.9855072463768116,6.590850219686537,0.046773805929263126
A,1,A1,11785,a,2,FALSE,FALSE,tweed,1,selected,NA,NA,NA,142.876,583,20.214408233276156,1,1.0144927536231885,19.19991547965297,0.1343816699771338
A,2,A2,6113,a,2,FALSE,FALSE,blue,2,selected,NA,NA,NA,71.137,360,16.980555555555554,2,1.0144927536231885,15.966062801932367,0.22444104758328812
A,3,A3,5856,a,2,FALSE,FALSE,tweed,3,control,NA,NA,NA,92.319,898,6.521158129175946,3,1.0144927536231885,5.506665375552758,0.05964823465974239
A,4,A4,5905,a,2,FALSE,FALSE,blue,4,control,NA,NA,NA,75.343,455,12.978021978021978,4,1.0144927536231885,11.96352922439879,0.15878753466677448
B,1,B1,4821,a,2,FALSE,FALSE,tweed,5,selected,NA,NA,NA,101.807,421,11.451306413301662,5,1.0144927536231885,10.436813659678474,0.10251567829008294
B,2,B2,13196,a,2,FALSE,FALSE,blue,6,selected,NA,NA,NA,143.198,1195,11.042677824267782,6,1.0144927536231885,10.028185070644593,0.07003020342913024
B,3,B3,8795,a,2,FALSE,FALSE,tweed,7,control,NA,NA,NA,119.68,733,11.998635743519781,7,1.0144927536231885,10.984142989896593,0.09177926963483116
B,4,B4,6708,a,2,FALSE,FALSE,blue,8,control,NA,NA,NA,101.457,503,13.335984095427435,8,1.0144927536231885,12.321491341804247,0.12144545316542228
C,1,C1,7844,a,2,FALSE,FALSE,tweed,9,selected,NA,NA,NA,163.33,734,10.686648501362399,9,1.0144927536231885,9.672155747739211,0.05921848862878351
C,2,C2,6727,a,2,FALSE,FALSE,blue,10,selected,NA,NA,NA,197.328,428,15.717289719626168,10,1.0144927536231885,14.702796966002978,0.07450943082584822
C,3,C3,13951,a,2,FALSE,FALSE,tweed,11,control,NA,NA,NA,140.909,1768,7.890837104072398,11,1.0144927536231885,6.87634435044921,0.04879989461602318
A,1,A1,11586,a,3,FALSE,FALSE,tweed,1,selected,NA,NA,NA,142.876,583,19.873070325900514,1,1.067632850241546,18.80543747565897,0.13162068839874413
A,2,A2,7894,a,3,FALSE,FALSE,blue,2,selected,NA,NA,NA,71.137,360,21.927777777777777,2,1.067632850241546,20.860144927536233,0.2932390307088608
A,3,A3,7162,a,3,FALSE,FALSE,tweed,3,control,NA,NA,NA,92.319,898,7.9755011135857465,3,1.067632850241546,6.9078682633442,0.07482607332557978
A,4,A4,8220,a,3,FALSE,FALSE,blue,4,control,NA,NA,NA,75.343,455,18.065934065934066,4,1.067632850241546,16.99830121569252,0.2256122163398394
B,1,B1,6510,a,3,FALSE,FALSE,tweed,5,selected,NA,NA,NA,101.807,421,15.463182897862232,5,1.067632850241546,14.395550047620686,0.14140039533254772
B,2,B2,13715,a,3,FALSE,FALSE,blue,6,selected,NA,NA,NA,143.198,1195,11.476987447698745,6,1.067632850241546,10.409354597457199,0.07269203897720079
B,3,B3,10689,a,3,FALSE,FALSE,tweed,7,control,NA,NA,NA,119.68,733,14.582537517053206,7,1.067632850241546,13.51490466681166,0.11292533979622041
B,4,B4,8677,a,3,FALSE,FALSE,blue,8,control,NA,NA,NA,101.457,503,17.250497017892645,8,1.067632850241546,16.1828641676511,0.1595046587978267
C,1,C1,10407,a,3,FALSE,FALSE,tweed,9,selected,NA,NA,NA,163.33,734,14.178474114441418,9,1.067632850241546,13.110841264199872,0.08027209492560994
C,2,C2,7754,a,3,FALSE,FALSE,blue,10,selected,NA,NA,NA,197.328,428,18.11682242990654,10,1.067632850241546,17.049189579664997,0.08640025530925666
C,3,C3,13567,a,3,FALSE,FALSE,tweed,11,control,NA,NA,NA,140.909,1768,7.673642533936651,11,1.067632850241546,6.606009683695105,0.046881389291635774
A,1,A1,12578,a,4,FALSE,FALSE,tweed,1,selected,NA,NA,NA,142.876,583,21.574614065180103,1,1.0869565217391304,20.487657543440974,0.1433946747070255
A,2,A2,10082,a,4,FALSE,FALSE,blue,2,selected,NA,NA,NA,71.137,360,28.005555555555556,2,1.0869565217391304,26.918599033816427,0.37840503582968676
A,3,A3,8365,a,4,FALSE,FALSE,tweed,3,control,NA,NA,NA,92.319,898,9.315144766146993,3,1.0869565217391304,8.228188244407862,0.08912778782707635
A,4,A4,9647,a,4,FALSE,FALSE,blue,4,control,NA,NA,NA,75.343,455,21.2021978021978,4,1.0869565217391304,20.115241280458672,0.2669822183939938
B,1,B1,7452,a,4,FALSE,FALSE,tweed,5,selected,NA,NA,NA,101.807,421,17.700712589073635,5,1.0869565217391304,16.613756067334506,0.16318874013903273
B,2,B2,13394,a,4,FALSE,FALSE,blue,6,selected,NA,NA,NA,143.198,1195,11.20836820083682,6,1.0869565217391304,10.121411679097688,0.07068123632381519
B,3,B3,10970,a,4,FALSE,FALSE,tweed,7,control,NA,NA,NA,119.68,733,14.965893587994543,7,1.0869565217391304,13.878937066255412,0.11596705436376514
B,4,B4,9441,a,4,FALSE,FALSE,blue,8,control,NA,NA,NA,101.457,503,18.769383697813122,8,1.0869565217391304,17.682427176073993,0.17428494018228408
C,1,C1,10565,a,4,FALSE,FALSE,tweed,9,selected,NA,NA,NA,163.33,734,14.393732970027248,9,1.0869565217391304,13.306776448288117,0.08147172257569409
C,2,C2,7952,a,4,FALSE,FALSE,blue,10,selected,NA,NA,NA,197.328,428,18.57943925233645,10,1.0869565217391304,17.49248273059732,0.08864673401948694
C,3,C3,12716,a,4,FALSE,FALSE,tweed,11,control,NA,NA,NA,140.909,1768,7.1923076923076925,11,1.0869565217391304,6.105351170568563,0.0433283265836005
A,1,A1,378,b,0,FALSE,FALSE,tweed,12,selected,NA,NA,NA,69.291,378,1,12,1,0,0
A,2,A2,398,b,0,FALSE,FALSE,blue,13,selected,NA,NA,NA,110.033,398,1,13,1,0,0
A,3,A3,744,b,0,FALSE,FALSE,tweed,14,control,NA,NA,NA,145.118,744,1,14,1,0,0
A,4,A4,677,b,0,FALSE,FALSE,blue,15,control,NA,NA,NA,99.277,677,1,15,1,0,0
B,1,B1,459,b,0,FALSE,FALSE,tweed,16,selected,NA,NA,NA,141.246,459,1,16,1,0,0
B,2,B2,1213,b,0,FALSE,FALSE,blue,17,selected,NA,NA,NA,154.851,1213,1,17,1,0,0
B,3,B3,308,b,0,FALSE,FALSE,tweed,18,control,NA,NA,NA,56.47,308,1,18,1,0,0
B,4,B4,591,b,0,FALSE,FALSE,blue,19,control,NA,NA,NA,108.551,591,1,19,1,0,0
C,1,C1,567,b,0,FALSE,FALSE,tweed,20,selected,NA,NA,NA,205.072,567,1,20,1,0,0
C,2,C2,340,b,0,FALSE,FALSE,blue,21,selected,NA,NA,NA,161.176,340,1,21,1,0,0
C,4,C4,2099,b,0,FALSE,FALSE,blue,22,control,NA,NA,NA,144.968,2099,1,22,1,0,0
A,1,A1,2833,b,1,FALSE,FALSE,tweed,12,selected,NA,NA,NA,69.291,378,7.494708994708994,12,0.9859154929577465,6.5087935017512475,0.09393418339685165
A,2,A2,4162,b,1,FALSE,FALSE,blue,13,selected,NA,NA,NA,110.033,398,10.457286432160805,13,0.9859154929577465,9.471370939203059,0.08607754890990028
A,3,A3,6051,b,1,FALSE,FALSE,tweed,14,control,NA,NA,NA,145.118,744,8.133064516129032,14,0.9859154929577465,7.147149023171286,0.04925060311726517
A,4,A4,4858,b,1,FALSE,FALSE,blue,15,control,NA,NA,NA,99.277,677,7.175775480059084,15,0.9859154929577465,6.189859987101338,0.06234938593129665
B,1,B1,4264,b,1,FALSE,FALSE,tweed,16,selected,NA,NA,NA,141.246,459,9.289760348583878,16,0.9859154929577465,8.303844855626132,0.05878994701178179
B,2,B2,9356,b,1,FALSE,FALSE,blue,17,selected,NA,NA,NA,154.851,1213,7.713107996702391,17,0.9859154929577465,6.727192503744645,0.04344300329829736
B,3,B3,1389,b,1,FALSE,FALSE,tweed,18,control,NA,NA,NA,56.47,308,4.509740259740259,18,0.9859154929577465,3.523824766782513,0.06240171359629029
B,4,B4,4322,b,1,FALSE,FALSE,blue,19,control,NA,NA,NA,108.551,591,7.313028764805415,19,0.9859154929577465,6.327113271847669,0.058287010454511415
C,1,C1,4161,b,1,FALSE,FALSE,tweed,20,selected,NA,NA,NA,205.072,567,7.338624338624339,20,0.9859154929577465,6.3527088456665926,0.03097794357916533
C,2,C2,4175,b,1,FALSE,FALSE,blue,21,selected,NA,NA,NA,161.176,340,12.279411764705882,21,0.9859154929577465,11.293496271748136,0.07006934203447249
C,4,C4,10582,b,1,FALSE,FALSE,blue,22,control,NA,NA,NA,144.968,2099,5.041448308718437,22,0.9859154929577465,4.0555328157606905,0.02797536570664347
A,1,A1,5609,b,2,FALSE,FALSE,tweed,12,selected,NA,NA,NA,69.291,378,14.838624338624339,12,1.0093896713615023,13.829234667262837,0.1995819755417419
A,2,A2,6796,b,2,FALSE,FALSE,blue,13,selected,NA,NA,NA,110.033,398,17.07537688442211,13,1.0093896713615023,16.065987213060605,0.14601062602183532
A,3,A3,5371,b,2,FALSE,FALSE,tweed,14,control,NA,NA,NA,145.118,744,7.219086021505376,14,1.0093896713615023,6.209696350143874,0.042790669318374525
A,4,A4,9122,b,2,FALSE,FALSE,blue,15,control,NA,NA,NA,99.277,677,13.474150664697193,15,1.0093896713615023,12.464760993335691,0.12555537529675243
B,1,B1,7682,b,2,FALSE,FALSE,tweed,16,selected,NA,NA,NA,141.246,459,16.736383442265794,16,1.0093896713615023,15.726993770904292,0.11134470194486422
B,2,B2,11063,b,2,FALSE,FALSE,blue,17,selected,NA,NA,NA,154.851,1213,9.120362737015663,17,1.0093896713615023,8.11097306565416,0.052379210115880176
B,3,B3,4582,b,2,FALSE,FALSE,tweed,18,control,NA,NA,NA,56.47,308,14.876623376623376,18,1.0093896713615023,13.867233705261874,0.24556815486562555
B,4,B4,10702,b,2,FALSE,FALSE,blue,19,control,NA,NA,NA,108.551,591,18.1082910321489,19,1.0093896713615023,17.098901360787398,0.15751951949578905
C,1,C1,6696,b,2,FALSE,FALSE,tweed,20,selected,NA,NA,NA,205.072,567,11.80952380952381,20,1.0093896713615023,10.800134138162308,0.05266508415660016
C,2,C2,8260,b,2,FALSE,FALSE,blue,21,selected,NA,NA,NA,161.176,340,24.294117647058822,21,1.0093896713615023,23.28472797569732,0.14446771216370502
C,4,C4,9793,b,2,FALSE,FALSE,blue,22,control,NA,NA,NA,144.968,2099,4.665555026202954,22,1.0093896713615023,3.656165354841452,0.025220499384977734
A,1,A1,7634,b,3,FALSE,FALSE,tweed,12,selected,NA,NA,NA,69.291,378,20.195767195767196,12,1.0375586854460095,19.158208510321188,0.2764891329367622
A,2,A2,7054,b,3,FALSE,FALSE,blue,13,selected,NA,NA,NA,110.033,398,17.723618090452263,13,1.0375586854460095,16.686059405006255,0.15164595534981554
A,3,A3,5434,b,3,FALSE,FALSE,tweed,14,control,NA,NA,NA,145.118,744,7.303763440860215,14,1.0375586854460095,6.266204755414206,0.04318006557018569
A,4,A4,9678,b,3,FALSE,FALSE,blue,15,control,NA,NA,NA,99.277,677,14.295420974889216,15,1.0375586854460095,13.257862289443207,0.1335441470778046
B,1,B1,8709,b,3,FALSE,FALSE,tweed,16,selected,NA,NA,NA,141.246,459,18.973856209150327,16,1.0375586854460095,17.93629752370432,0.12698623340628631
B,2,B2,11030,b,3,FALSE,FALSE,blue,17,selected,NA,NA,NA,154.851,1213,9.09315746084089,17,1.0375586854460095,8.05559877539488,0.05202161287556994
B,3,B3,6659,b,3,FALSE,FALSE,tweed,18,control,NA,NA,NA,56.47,308,21.62012987012987,18,1.0375586854460095,20.58257118468386,0.3644868281332364
B,4,B4,11578,b,3,FALSE,FALSE,blue,19,control,NA,NA,NA,108.551,591,19.59052453468697,19,1.0375586854460095,18.552965849240962,0.17091473914787483
C,1,C1,6835,b,3,FALSE,FALSE,tweed,20,selected,NA,NA,NA,205.072,567,12.054673721340388,20,1.0375586854460095,11.017115035894378,0.05372315594471394
C,2,C2,9664,b,3,FALSE,FALSE,blue,21,selected,NA,NA,NA,161.176,340,28.423529411764704,21,1.0375586854460095,27.385970726318696,0.16991345315877487
C,4,C4,10062,b,3,FALSE,FALSE,blue,22,control,NA,NA,NA,144.968,2099,4.793711291090996,22,1.0375586854460095,3.7561526056449863,0.025910218845848647
A,1,A1,9485,b,4,FALSE,FALSE,tweed,12,selected,NA,NA,NA,69.291,378,25.09259259259259,12,1.0657276995305165,24.026864893062076,0.34675303997722756
A,2,A2,6903,b,4,FALSE,FALSE,blue,13,selected,NA,NA,NA,110.033,398,17.344221105527637,13,1.0657276995305165,16.27849340599712,0.14794192111454854
A,3,A3,4931,b,4,FALSE,FALSE,tweed,14,control,NA,NA,NA,145.118,744,6.627688172043011,14,1.0657276995305165,5.561960472512494,0.03832715770967415
A,4,A4,11055,b,4,FALSE,FALSE,blue,15,control,NA,NA,NA,99.277,677,16.32939438700148,15,1.0657276995305165,15.263666687470963,0.15374826684399168
B,1,B1,9310,b,4,FALSE,FALSE,tweed,16,selected,NA,NA,NA,141.246,459,20.28322440087146,16,1.0657276995305165,19.217496701340945,0.13605692693131802
B,2,B2,9449,b,4,FALSE,FALSE,blue,17,selected,NA,NA,NA,154.851,1213,7.789777411376752,17,1.0657276995305165,6.724049711846236,0.04342270771158233
B,3,B3,8716,b,4,FALSE,FALSE,tweed,18,control,NA,NA,NA,56.47,308,28.2987012987013,18,1.0657276995305165,27.232973599170784,0.48225559764779147
B,4,B4,11539,b,4,FALSE,FALSE,blue,19,control,NA,NA,NA,108.551,591,19.524534686971236,19,1.0657276995305165,18.45880698744072,0.17004732326225203
C,1,C1,6295,b,4,FALSE,FALSE,tweed,20,selected,NA,NA,NA,205.072,567,11.102292768959435,20,1.0657276995305165,10.036565069428919,0.04894166472960189
C,2,C2,10127,b,4,FALSE,FALSE,blue,21,selected,NA,NA,NA,161.176,340,29.78529411764706,21,1.0657276995305165,28.719566418116543,0.17818761117112067
C,4,C4,10272,b,4,FALSE,FALSE,blue,22,control,NA,NA,NA,144.968,2099,4.893758932825155,22,1.0657276995305165,3.8280312332946385,0.02640604294254345
A,1,A1,750,c,0,FALSE,FALSE,tweed,23,selected,NA,NA,NA,156.36,750,1,23,1,0,0
A,2,A2,433,c,0,FALSE,FALSE,blue,24,selected,NA,NA,NA,115.287,433,1,24,1,0,0
A,3,A3,806,c,0,FALSE,FALSE,tweed,25,control,NA,NA,NA,104.816,806,1,25,1,0,0
A,4,A4,938,c,0,FALSE,FALSE,blue,26,control,NA,NA,NA,102.947,938,1,26,1,0,0
B,1,B1,1006,c,0,FALSE,FALSE,tweed,27,selected,NA,NA,NA,125.671,1006,1,27,1,0,0
B,2,B2,619,c,0,FALSE,FALSE,blue,28,selected,NA,NA,NA,108.349,619,1,28,1,0,0
B,3,B3,616,c,0,FALSE,FALSE,tweed,29,control,NA,NA,NA,98.518,616,1,29,1,0,0
B,4,B4,493,c,0,FALSE,FALSE,blue,30,control,NA,NA,NA,61.51,493,1,30,1,0,0
C,2,C2,460,c,0,FALSE,FALSE,blue,31,selected,NA,NA,NA,89.075,460,1,31,1,0,0
C,3,C3,396,c,0,FALSE,FALSE,tweed,32,control,NA,NA,NA,90.414,396,1,32,1,0,0
C,4,C4,1213,c,0,FALSE,FALSE,blue,33,control,NA,NA,NA,156.088,1213,1,33,1,0,0
A,1,A1,9928,c,1,FALSE,FALSE,tweed,23,selected,NA,NA,NA,156.36,750,13.237333333333334,23,1,12.237333333333334,0.0782638355930758
A,2,A2,6253,c,1,FALSE,FALSE,blue,24,selected,NA,NA,NA,115.287,433,14.441108545034641,24,1,13.441108545034641,0.11658824104222194
A,3,A3,5281,c,1,FALSE,FALSE,tweed,25,control,NA,NA,NA,104.816,806,6.552109181141439,25,1,5.552109181141439,0.05297005401027934
A,4,A4,6026,c,1,FALSE,FALSE,blue,26,control,NA,NA,NA,102.947,938,6.424307036247335,26,1,5.424307036247335,0.05269028758727631
B,1,B1,5645,c,1,FALSE,FALSE,tweed,27,selected,NA,NA,NA,125.671,1006,5.611332007952286,27,1,4.611332007952286,0.036693684365941906
B,2,B2,4063,c,1,FALSE,FALSE,blue,28,selected,NA,NA,NA,108.349,619,6.563812600969305,28,1,5.563812600969305,0.051350844040732306
B,3,B3,2043,c,1,FALSE,FALSE,tweed,29,control,NA,NA,NA,98.518,616,3.3165584415584415,29,1,2.3165584415584415,0.02351406282667575
B,4,B4,2204,c,1,FALSE,FALSE,blue,30,control,NA,NA,NA,61.51,493,4.470588235294118,30,1,3.4705882352941178,0.0564231545325007
C,2,C2,2651,c,1,FALSE,FALSE,blue,31,selected,NA,NA,NA,89.075,460,5.76304347826087,31,1,4.76304347826087,0.0534722815409584
C,3,C3,2082,c,1,FALSE,FALSE,tweed,32,control,NA,NA,NA,90.414,396,5.257575757575758,32,1,4.257575757575758,0.04708978429862364
C,4,C4,6440,c,1,FALSE,FALSE,blue,33,control,NA,NA,NA,156.088,1213,5.309150865622423,33,1,4.309150865622423,0.027607188673199883
A,1,A1,12808,c,2,FALSE,FALSE,tweed,23,selected,NA,NA,NA,156.36,750,17.077333333333332,23,1.0236966824644549,16.053636650868878,0.1026709941856541
A,2,A2,6221,c,2,FALSE,FALSE,blue,24,selected,NA,NA,NA,115.287,433,14.367205542725173,24,1.0236966824644549,13.34350886026072,0.1157416609007149
A,3,A3,9287,c,2,FALSE,FALSE,tweed,25,control,NA,NA,NA,104.816,806,11.522332506203474,25,1.0236966824644549,10.498635823739018,0.1001625307561729
A,4,A4,8124,c,2,FALSE,FALSE,blue,26,control,NA,NA,NA,102.947,938,8.660980810234541,26,1.0236966824644549,7.637284127770086,0.07418656325847364
B,1,B1,7045,c,2,FALSE,FALSE,tweed,27,selected,NA,NA,NA,125.671,1006,7.002982107355865,27,1.0236966824644549,5.97928542489141,0.04757887997144456
B,2,B2,8378,c,2,FALSE,FALSE,blue,28,selected,NA,NA,NA,108.349,619,13.534733441033925,28,1.0236966824644549,12.511036758569471,0.11546979444729043
B,3,B3,4591,c,2,FALSE,FALSE,tweed,29,control,NA,NA,NA,98.518,616,7.452922077922078,29,1.0236966824644549,6.429225395457623,0.06525939823644027
B,4,B4,6280,c,2,FALSE,FALSE,blue,30,control,NA,NA,NA,61.51,493,12.738336713995944,30,1.0236966824644549,11.714640031531488,0.19045098409252947
C,2,C2,5870,c,2,FALSE,FALSE,blue,31,selected,NA,NA,NA,89.075,460,12.76086956521739,31,1.0236966824644549,11.737172882752937,0.13176730713166362
C,3,C3,4795,c,2,FALSE,FALSE,tweed,32,control,NA,NA,NA,90.414,396,12.108585858585858,32,1.0236966824644549,11.084889176121404,0.12260146853497693
C,4,C4,10443,c,2,FALSE,FALSE,blue,33,control,NA,NA,NA,156.088,1213,8.609233305853257,33,1.0236966824644549,7.585536623388802,0.04859782061009688
A,1,A1,12079,c,3,FALSE,FALSE,tweed,23,selected,NA,NA,NA,156.36,750,16.105333333333334,23,1.018957345971564,15.08637598736177,0.09648488096291742
A,2,A2,8278,c,3,FALSE,FALSE,blue,24,selected,NA,NA,NA,115.287,433,19.117782909930717,24,1.018957345971564,18.098825563959153,0.15698930116976895
A,3,A3,11084,c,3,FALSE,FALSE,tweed,25,control,NA,NA,NA,104.816,806,13.751861042183624,25,1.018957345971564,12.732903696212059,0.12147862631861604
A,4,A4,8071,c,3,FALSE,FALSE,blue,26,control,NA,NA,NA,102.947,938,8.604477611940299,26,1.018957345971564,7.585520265968735,0.0736837427605344
B,1,B1,8085,c,3,FALSE,FALSE,tweed,27,selected,NA,NA,NA,125.671,1006,8.036779324055667,27,1.018957345971564,7.017821978084103,0.05584281161193993
B,2,B2,9348,c,3,FALSE,FALSE,blue,28,selected,NA,NA,NA,108.349,619,15.101777059773829,28,1.018957345971564,14.082819713802264,0.12997646230054974
B,3,B3,7036,c,3,FALSE,FALSE,tweed,29,control,NA,NA,NA,98.518,616,11.422077922077921,29,1.018957345971564,10.403120576106357,0.1055961405642254
B,4,B4,8190,c,3,FALSE,FALSE,blue,30,control,NA,NA,NA,61.51,493,16.612576064908723,30,1.018957345971564,15.593618718937158,0.25351355420154703
C,2,C2,7852,c,3,FALSE,FALSE,blue,31,selected,NA,NA,NA,89.075,460,17.069565217391304,31,1.018957345971564,16.05060787141974,0.18019206142486374
C,3,C3,7511,c,3,FALSE,FALSE,tweed,32,control,NA,NA,NA,90.414,396,18.967171717171716,32,1.018957345971564,17.94821437120015,0.1985114514477863
C,4,C4,10760,c,3,FALSE,FALSE,blue,33,control,NA,NA,NA,156.088,1213,8.870568837592746,33,1.018957345971564,7.851611491621182,0.05030246714431079
A,1,A1,12442,c,4,FALSE,FALSE,tweed,23,selected,NA,NA,NA,156.36,750,16.589333333333332,23,1.037914691943128,15.551418641390205,0.0994590601265682
A,2,A2,8903,c,4,FALSE,FALSE,blue,24,selected,NA,NA,NA,115.287,433,20.561200923787528,24,1.037914691943128,19.5232862318444,0.16934507994695325
A,3,A3,11540,c,4,FALSE,FALSE,tweed,25,control,NA,NA,NA,104.816,806,14.317617866004962,25,1.037914691943128,13.279703174061835,0.126695382136905
A,4,A4,7877,c,4,FALSE,FALSE,blue,26,control,NA,NA,NA,102.947,938,8.397654584221748,26,1.037914691943128,7.35973989227862,0.07149057177264631
B,1,B1,8767,c,4,FALSE,FALSE,tweed,27,selected,NA,NA,NA,125.671,1006,8.714711729622266,27,1.037914691943128,7.676797037679139,0.061086464161812494
B,2,B2,10165,c,4,FALSE,FALSE,blue,28,selected,NA,NA,NA,108.349,619,16.421647819063004,28,1.037914691943128,15.383733127119877,0.14198315745525916
B,3,B3,8712,c,4,FALSE,FALSE,tweed,29,control,NA,NA,NA,98.518,616,14.142857142857142,29,1.037914691943128,13.104942450914015,0.13302079265630662
B,4,B4,8519,c,4,FALSE,FALSE,blue,30,control,NA,NA,NA,61.51,493,17.279918864097365,30,1.037914691943128,16.242004172154235,0.2640546930930619
C,2,C2,10134,c,4,FALSE,FALSE,blue,31,selected,NA,NA,NA,89.075,460,22.030434782608694,31,1.037914691943128,20.992520090665565,0.23567241190755614
C,3,C3,9227,c,4,FALSE,FALSE,tweed,32,control,NA,NA,NA,90.414,396,23.300505050505052,32,1.037914691943128,22.262590358561923,0.2462294595810596
C,4,C4,8592,c,4,FALSE,FALSE,blue,33,control,NA,NA,NA,156.088,1213,7.083264633140973,33,1.037914691943128,6.045349941197845,0.03873039529751067
A,1,A1,1114,d,0,FALSE,FALSE,tweed,34,selected,NA,NA,NA,150.81,1114,1,34,1,0,0
A,2,A2,1147,d,0,FALSE,FALSE,blue,35,selected,NA,NA,NA,134.178,1147,1,35,1,0,0
A,3,A3,394,d,0,FALSE,FALSE,tweed,36,control,NA,NA,NA,70.79,394,1,36,1,0,0
A,4,A4,586,d,0,FALSE,FALSE,blue,37,control,NA,NA,NA,77.234,586,1,37,1,0,0
B,1,B1,674,d,0,FALSE,FALSE,tweed,38,selected,NA,NA,NA,124.904,674,1,38,1,0,0
B,2,B2,1581,d,0,FALSE,FALSE,blue,39,selected,NA,NA,NA,132.896,1581,1,39,1,0,0
B,3,B3,289,d,0,FALSE,FALSE,tweed,40,control,NA,NA,NA,111.708,289,1,40,1,0,0
B,4,B4,398,d,0,FALSE,FALSE,blue,41,control,NA,NA,NA,67.008,398,1,41,1,0,0
C,1,C1,547,d,0,FALSE,FALSE,tweed,42,selected,NA,NA,NA,129.47,547,1,42,1,0,0
C,3,C3,788,d,0,FALSE,FALSE,tweed,43,control,NA,NA,NA,86.254,788,1,43,1,0,0
C,4,C4,1143,d,0,FALSE,FALSE,blue,44,control,NA,NA,NA,101.173,1143,1,44,1,0,0
A,1,A1,4646,d,1,FALSE,FALSE,tweed,34,selected,NA,NA,NA,150.81,1114,4.170556552962298,34,0.9954545454545455,3.175102007507752,0.021053656969085285
A,2,A2,5053,d,1,FALSE,FALSE,blue,35,selected,NA,NA,NA,134.178,1147,4.405405405405405,35,0.9954545454545455,3.4099508599508597,0.025413636065158667
A,3,A3,1784,d,1,FALSE,FALSE,tweed,36,control,NA,NA,NA,70.79,394,4.527918781725888,36,0.9954545454545455,3.5324642362713425,0.0499006107680653
A,4,A4,3053,d,1,FALSE,FALSE,blue,37,control,NA,NA,NA,77.234,586,5.209897610921502,37,0.9954545454545455,4.2144430654669565,0.0545671992317756
B,1,B1,2853,d,1,FALSE,FALSE,tweed,38,selected,NA,NA,NA,124.904,674,4.232937685459941,38,0.9954545454545455,3.2374831400053954,0.025919771504558663
B,2,B2,3875,d,1,FALSE,FALSE,blue,39,selected,NA,NA,NA,132.896,1581,2.450980392156863,39,0.9954545454545455,1.4555258467023173,0.01095236761604802
B,3,B3,1805,d,1,FALSE,FALSE,tweed,40,control,NA,NA,NA,111.708,289,6.2456747404844295,40,0.9954545454545455,5.250220195029884,0.04699950043891113
B,4,B4,2061,d,1,FALSE,FALSE,blue,41,control,NA,NA,NA,67.008,398,5.178391959798995,41,0.9954545454545455,4.18293741434445,0.06242444804119583
C,1,C1,3514,d,1,FALSE,FALSE,tweed,42,selected,NA,NA,NA,129.47,547,6.424131627056672,42,0.9954545454545455,5.428677081602127,0.04192999985789857
C,3,C3,2282,d,1,FALSE,FALSE,tweed,43,control,NA,NA,NA,86.254,788,2.8959390862944163,43,0.9954545454545455,1.9004845408398707,0.02203358152479735
C,4,C4,4148,d,1,FALSE,FALSE,blue,44,control,NA,NA,NA,101.173,1143,3.6290463692038495,44,0.9954545454545455,2.633591823749304,0.026030579539494766
A,1,A1,6930,d,2,FALSE,FALSE,tweed,34,selected,NA,NA,NA,150.81,1114,6.220825852782765,34,1.0227272727272727,5.198098580055492,0.0344678640677375
A,2,A2,9066,d,2,FALSE,FALSE,blue,35,selected,NA,NA,NA,134.178,1147,7.90409764603313,35,1.0227272727272727,6.881370373305858,0.051285384886537715
A,3,A3,4471,d,2,FALSE,FALSE,tweed,36,control,NA,NA,NA,70.79,394,11.347715736040609,36,1.0227272727272727,10.324988463313336,0.14585377120092294
A,4,A4,6006,d,2,FALSE,FALSE,blue,37,control,NA,NA,NA,77.234,586,10.249146757679181,37,1.0227272727272727,9.226419484951908,0.11946059358510382
B,1,B1,5466,d,2,FALSE,FALSE,tweed,38,selected,NA,NA,NA,124.904,674,8.109792284866469,38,1.0227272727272727,7.087065012139196,0.056740096491218826
B,2,B2,4626,d,2,FALSE,FALSE,blue,39,selected,NA,NA,NA,132.896,1581,2.925996204933586,39,1.0227272727272727,1.9032689322063134,0.014321491483613604
B,3,B3,3130,d,2,FALSE,FALSE,tweed,40,control,NA,NA,NA,111.708,289,10.83044982698962,40,1.0227272727272727,9.807722554262346,0.08779785292246166
B,4,B4,4276,d,2,FALSE,FALSE,blue,41,control,NA,NA,NA,67.008,398,10.743718592964823,41,1.0227272727272727,9.72099132023755,0.14507210064824425
C,1,C1,7751,d,2,FALSE,FALSE,tweed,42,selected,NA,NA,NA,129.47,547,14.170018281535649,42,1.0227272727272727,13.147291008808375,0.10154700709668939
C,3,C3,4546,d,2,FALSE,FALSE,tweed,43,control,NA,NA,NA,86.254,788,5.7690355329949234,43,1.0227272727272727,4.746308260267651,0.055027109006743465
C,4,C4,5704,d,2,FALSE,FALSE,blue,44,control,NA,NA,NA,101.173,1143,4.990376202974629,44,1.0227272727272727,3.967648930247356,0.03921647999216546
A,1,A1,7006,d,3,FALSE,FALSE,tweed,34,selected,NA,NA,NA,150.81,1114,6.289048473967684,34,1.0454545454545454,5.243593928513139,0.03476953735503706
A,2,A2,9834,d,3,FALSE,FALSE,blue,35,selected,NA,NA,NA,134.178,1147,8.573670444638186,35,1.0454545454545454,7.528215899183641,0.05610618655206994
A,3,A3,6523,d,3,FALSE,FALSE,tweed,36,control,NA,NA,NA,70.79,394,16.555837563451778,36,1.0454545454545454,15.510383017997233,0.21910415338320713
A,4,A4,8720,d,3,FALSE,FALSE,blue,37,control,NA,NA,NA,77.234,586,14.880546075085324,37,1.0454545454545454,13.835091529630779,0.17913213778427609
B,1,B1,6885,d,3,FALSE,FALSE,tweed,38,selected,NA,NA,NA,124.904,674,10.21513353115727,38,1.0454545454545454,9.169678985702726,0.07341381369453921
B,2,B2,4524,d,3,FALSE,FALSE,blue,39,selected,NA,NA,NA,132.896,1581,2.861480075901328,39,1.0454545454545454,1.8160255304467827,0.01366501272007271
B,3,B3,4358,d,3,FALSE,FALSE,tweed,40,control,NA,NA,NA,111.708,289,15.079584775086506,40,1.0454545454545454,14.03413022963196,0.12563227548279407
B,4,B4,6579,d,3,FALSE,FALSE,blue,41,control,NA,NA,NA,67.008,398,16.530150753768844,41,1.0454545454545454,15.484696208314299,0.23108727627021103
C,1,C1,9931,d,3,FALSE,FALSE,tweed,42,selected,NA,NA,NA,129.47,547,18.155393053016454,42,1.0454545454545454,17.109938507561907,0.13215369203338154
C,3,C3,5763,d,3,FALSE,FALSE,tweed,43,control,NA,NA,NA,86.254,788,7.313451776649746,43,1.0454545454545454,6.267997231195201,0.07266906150665708
C,4,C4,8212,d,3,FALSE,FALSE,blue,44,control,NA,NA,NA,101.173,1143,7.184601924759405,44,1.0454545454545454,6.139147379304859,0.060679700901474294
A,1,A1,6135,d,4,FALSE,FALSE,tweed,34,selected,NA,NA,NA,150.81,1114,5.507181328545781,34,1.059090909090909,4.448090419454871,0.02949466493902839
A,2,A2,10803,d,4,FALSE,FALSE,blue,35,selected,NA,NA,NA,134.178,1147,9.41848299912816,35,1.059090909090909,8.359392090037252,0.062300765326933266
A,3,A3,8239,d,4,FALSE,FALSE,tweed,36,control,NA,NA,NA,70.79,394,20.911167512690355,36,1.059090909090909,19.852076603599446,0.2804361718265213
A,4,A4,10157,d,4,FALSE,FALSE,blue,37,control,NA,NA,NA,77.234,586,17.332764505119453,37,1.059090909090909,16.273673596028544,0.2107060827618477
B,1,B1,7456,d,4,FALSE,FALSE,tweed,38,selected,NA,NA,NA,124.904,674,11.062314540059347,38,1.059090909090909,10.003223630968439,0.08008729609114551
B,2,B2,4243,d,4,FALSE,FALSE,blue,39,selected,NA,NA,NA,132.896,1581,2.6837444655281466,39,1.059090909090909,1.6246535564372375,0.012224999672204112
B,3,B3,5469,d,4,FALSE,FALSE,tweed,40,control,NA,NA,NA,111.708,289,18.92387543252595,40,1.059090909090909,17.86478452343504,0.15992394925551476
B,4,B4,8708,d,4,FALSE,FALSE,blue,41,control,NA,NA,NA,67.008,398,21.87939698492462,41,1.059090909090909,20.820306075833713,0.3107137368050638
C,1,C1,11607,d,4,FALSE,FALSE,tweed,42,selected,NA,NA,NA,129.47,547,21.219378427787934,42,1.059090909090909,20.160287518697025,0.1557139686313202
C,3,C3,6519,d,4,FALSE,FALSE,tweed,43,control,NA,NA,NA,86.254,788,8.27284263959391,43,1.059090909090909,7.213751730503001,0.08363382255319174
C,4,C4,9719,d,4,FALSE,FALSE,blue,44,control,NA,NA,NA,101.173,1143,8.503062117235345,44,1.059090909090909,7.443971208144436,0.07357665788445965
A,1,A1,773,e,0,FALSE,FALSE,tweed,45,selected,NA,NA,NA,145.403,773,1,45,1,0,0
A,2,A2,521,e,0,FALSE,FALSE,blue,46,selected,NA,NA,NA,118.981,521,1,46,1,0,0
A,3,A3,545,e,0,FALSE,FALSE,tweed,47,control,NA,NA,NA,77.488,545,1,47,1,0,0
A,4,A4,429,e,0,FALSE,FALSE,blue,48,control,NA,NA,NA,68.083,429,1,48,1,0,0
B,1,B1,1245,e,0,FALSE,FALSE,tweed,49,selected,NA,NA,NA,145.701,1245,1,49,1,0,0
B,2,B2,733,e,0,FALSE,FALSE,blue,50,selected,NA,NA,NA,114,733,1,50,1,0,0
B,3,B3,1259,e,0,FALSE,FALSE,tweed,51,control,NA,NA,NA,157.365,1259,1,51,1,0,0
B,4,B4,960,e,0,FALSE,FALSE,blue,52,control,NA,NA,NA,120.895,960,1,52,1,0,0
C,2,C2,806,e,0,FALSE,FALSE,blue,53,selected,NA,NA,NA,130.547,806,1,53,1,0,0
C,3,C3,533,e,0,FALSE,FALSE,tweed,54,control,NA,NA,NA,98.634,533,1,54,1,0,0
C,4,C4,811,e,0,FALSE,FALSE,blue,55,control,NA,NA,NA,88.552,811,1,55,1,0,0
A,1,A1,5587,e,1,FALSE,FALSE,tweed,45,selected,NA,NA,NA,145.403,773,7.227684346701165,45,1,6.227684346701165,0.04283050794482346
A,2,A2,2610,e,1,FALSE,FALSE,blue,46,selected,NA,NA,NA,118.981,521,5.009596928982726,46,1,4.009596928982726,0.033699472428225734
A,3,A3,2923,e,1,FALSE,FALSE,tweed,47,control,NA,NA,NA,77.488,545,5.363302752293578,47,1,4.363302752293578,0.0563093995495248
A,4,A4,2387,e,1,FALSE,FALSE,blue,48,control,NA,NA,NA,68.083,429,5.564102564102564,48,1,4.564102564102564,0.06703733037766496
B,1,B1,6345,e,1,FALSE,FALSE,tweed,49,selected,NA,NA,NA,145.701,1245,5.096385542168675,49,1,4.096385542168675,0.028115013226873358
B,2,B2,3057,e,1,FALSE,FALSE,blue,50,selected,NA,NA,NA,114,733,4.170532060027285,50,1,3.170532060027285,0.027811684737081448
B,3,B3,6206,e,1,FALSE,FALSE,tweed,51,control,NA,NA,NA,157.365,1259,4.929308975377284,51,1,3.9293089753772836,0.02496939583374501
B,4,B4,3835,e,1,FALSE,FALSE,blue,52,control,NA,NA,NA,120.895,960,3.9947916666666665,52,1,2.9947916666666665,0.02477184057791196
C,2,C2,2242,e,1,FALSE,FALSE,blue,53,selected,NA,NA,NA,130.547,806,2.7816377171215882,53,1,1.7816377171215882,0.013647481115012895
C,3,C3,2329,e,1,FALSE,FALSE,tweed,54,control,NA,NA,NA,98.634,533,4.369606003752345,54,1,3.369606003752345,0.03416272283140038
C,4,C4,3868,e,1,FALSE,FALSE,blue,55,control,NA,NA,NA,88.552,811,4.769420468557336,55,1,3.7694204685573363,0.042567310377601135
A,1,A1,6514,e,2,FALSE,FALSE,tweed,45,selected,NA,NA,NA,145.403,773,8.426908150064683,45,1.0236966824644549,7.4032114676002285,0.05091512188606995
A,2,A2,4528,e,2,FALSE,FALSE,blue,46,selected,NA,NA,NA,118.981,521,8.690978886756238,46,1.0236966824644549,7.667282204291783,0.0644412318293827
A,3,A3,5646,e,2,FALSE,FALSE,tweed,47,control,NA,NA,NA,77.488,545,10.359633027522936,47,1.0236966824644549,9.335936345058482,0.12048235010657755
A,4,A4,6372,e,2,FALSE,FALSE,blue,48,control,NA,NA,NA,68.083,429,14.853146853146853,48,1.0236966824644549,13.8294501706824,0.20312633360284357
B,1,B1,10050,e,2,FALSE,FALSE,tweed,49,selected,NA,NA,NA,145.701,1245,8.072289156626505,49,1.0236966824644549,7.04859247416205,0.04837710430375942
B,2,B2,5671,e,2,FALSE,FALSE,blue,50,selected,NA,NA,NA,114,733,7.736698499317872,50,1.0236966824644549,6.713001816853417,0.05888598084959138
B,3,B3,11528,e,2,FALSE,FALSE,tweed,51,control,NA,NA,NA,157.365,1259,9.156473391580619,51,1.0236966824644549,8.132776709116165,0.05168097549719546
B,4,B4,7248,e,2,FALSE,FALSE,blue,52,control,NA,NA,NA,120.895,960,7.55,52,1.0236966824644549,6.526303317535545,0.053983236010881716
C,2,C2,3404,e,2,FALSE,FALSE,blue,53,selected,NA,NA,NA,130.547,806,4.223325062034739,53,1.0236966824644549,3.1996283795702842,0.024509397991300332
C,3,C3,5510,e,2,FALSE,FALSE,tweed,54,control,NA,NA,NA,98.634,533,10.337711069418386,54,1.0236966824644549,9.314014386953932,0.09443005846821514
C,4,C4,5872,e,2,FALSE,FALSE,blue,55,control,NA,NA,NA,88.552,811,7.240443896424168,55,1.0236966824644549,6.216747213959713,0.07020448114056953
A,1,A1,6202,e,3,FALSE,FALSE,tweed,45,selected,NA,NA,NA,145.403,773,8.023285899094438,45,1.052132701421801,6.971153197672637,0.04794366827144307
A,2,A2,6429,e,3,FALSE,FALSE,blue,46,selected,NA,NA,NA,118.981,521,12.339731285988483,46,1.052132701421801,11.287598584566682,0.0948689167561769
A,3,A3,7136,e,3,FALSE,FALSE,tweed,47,control,NA,NA,NA,77.488,545,13.093577981651377,47,1.052132701421801,12.041445280229576,0.15539754904281405
A,4,A4,8506,e,3,FALSE,FALSE,blue,48,control,NA,NA,NA,68.083,429,19.827505827505828,48,1.052132701421801,18.775373126084027,0.275771824480179
B,1,B1,11148,e,3,FALSE,FALSE,tweed,49,selected,NA,NA,NA,145.701,1245,8.95421686746988,49,1.052132701421801,7.902084166048079,0.05423493432473407
B,2,B2,7092,e,3,FALSE,FALSE,blue,50,selected,NA,NA,NA,114,733,9.675306957708049,50,1.052132701421801,8.623174256286248,0.07564187944110744
B,3,B3,12267,e,3,FALSE,FALSE,tweed,51,control,NA,NA,NA,157.365,1259,9.743447180301827,51,1.052132701421801,8.691314478880026,0.05523028932024291
B,4,B4,8904,e,3,FALSE,FALSE,blue,52,control,NA,NA,NA,120.895,960,9.275,52,1.052132701421801,8.2228672985782,0.0680166036525762
C,2,C2,3752,e,3,FALSE,FALSE,blue,53,selected,NA,NA,NA,130.547,806,4.655086848635236,53,1.052132701421801,3.6029541472134348,0.027598904204718874
C,3,C3,6737,e,3,FALSE,FALSE,tweed,54,control,NA,NA,NA,98.634,533,12.639774859287055,54,1.052132701421801,11.587642157865254,0.11748121497521397
C,4,C4,7553,e,3,FALSE,FALSE,blue,55,control,NA,NA,NA,88.552,811,9.313193588162761,55,1.052132701421801,8.26106088674096,0.09329050599355136
A,1,A1,5976,e,4,FALSE,FALSE,tweed,45,selected,NA,NA,NA,145.403,773,7.730918499353169,45,1.0568720379146919,6.674046461438477,0.04590033535373051
A,2,A2,7374,e,4,FALSE,FALSE,blue,46,selected,NA,NA,NA,118.981,521,14.15355086372361,46,1.0568720379146919,13.096678825808917,0.11007369937896738
A,3,A3,8745,e,4,FALSE,FALSE,tweed,47,control,NA,NA,NA,77.488,545,16.045871559633028,47,1.0568720379146919,14.988999521718336,0.19343639688362502
A,4,A4,9455,e,4,FALSE,FALSE,blue,48,control,NA,NA,NA,68.083,429,22.03962703962704,48,1.0568720379146919,20.98275500171235,0.3081937488317546
B,1,B1,11438,e,4,FALSE,FALSE,tweed,49,selected,NA,NA,NA,145.701,1245,9.18714859437751,49,1.0568720379146919,8.130276556462817,0.05580110333122503
B,2,B2,8964,e,4,FALSE,FALSE,blue,50,selected,NA,NA,NA,114,733,12.229195088676672,50,1.0568720379146919,11.17232305076198,0.09800283377861387
B,3,B3,12593,e,4,FALSE,FALSE,tweed,51,control,NA,NA,NA,157.365,1259,10.002382843526608,51,1.0568720379146919,8.945510805611915,0.05684561882001662
B,4,B4,9037,e,4,FALSE,FALSE,blue,52,control,NA,NA,NA,120.895,960,9.413541666666667,52,1.0568720379146919,8.356669628751975,0.06912336844991088
C,2,C2,3168,e,4,FALSE,FALSE,blue,53,selected,NA,NA,NA,130.547,806,3.930521091811414,53,1.0568720379146919,2.873649053896722,0.022012371436315827
C,3,C3,7589,e,4,FALSE,FALSE,tweed,54,control,NA,NA,NA,98.634,533,14.23827392120075,54,1.0568720379146919,13.181401883286059,0.133639534879312
C,4,C4,8797,e,4,FALSE,FALSE,blue,55,control,NA,NA,NA,88.552,811,10.847102342786684,55,1.0568720379146919,9.790230304871992,0.1105591099565452
A,1,A1,745,f,0,FALSE,FALSE,tweed,56,selected,NA,NA,NA,147.914,745,1,56,1,0,0
A,2,A2,642,f,0,FALSE,FALSE,blue,57,selected,NA,NA,NA,108.924,642,1,57,1,0,0
A,3,A3,819,f,0,FALSE,FALSE,tweed,58,control,NA,NA,NA,95.881,819,1,58,1,0,0
A,4,A4,1357,f,0,FALSE,FALSE,blue,59,control,NA,NA,NA,129.24,1357,1,59,1,0,0
B,1,B1,667,f,0,FALSE,FALSE,tweed,60,selected,NA,NA,NA,146.886,667,1,60,1,0,0
B,2,B2,1111,f,0,FALSE,FALSE,blue,61,selected,NA,NA,NA,108.129,1111,1,61,1,0,0
B,3,B3,340,f,0,FALSE,FALSE,tweed,62,control,NA,NA,NA,67.258,340,1,62,1,0,0
B,4,B4,1209,f,0,FALSE,FALSE,blue,63,control,NA,NA,NA,119.773,1209,1,63,1,0,0
C,1,C1,906,f,0,FALSE,FALSE,tweed,64,selected,NA,NA,NA,238.33,906,1,64,1,0,0
C,3,C3,684,f,0,FALSE,FALSE,tweed,65,control,NA,NA,NA,116.868,684,1,65,1,0,0
C,4,C4,1410,f,0,FALSE,FALSE,blue,66,control,NA,NA,NA,148.844,1410,1,66,1,0,0
A,1,A1,4493,f,1,FALSE,FALSE,tweed,56,selected,NA,NA,NA,147.914,745,6.030872483221477,56,1.0099502487562189,5.0209222344652575,0.033944874957510834
A,2,A2,3255,f,1,FALSE,FALSE,blue,57,selected,NA,NA,NA,108.924,642,5.070093457943925,57,1.0099502487562189,4.060143209187706,0.037275010183134165
A,3,A3,3618,f,1,FALSE,FALSE,tweed,58,control,NA,NA,NA,95.881,819,4.417582417582418,58,1.0099502487562189,3.407632168826199,0.035540223493978985
A,4,A4,6811,f,1,FALSE,FALSE,blue,59,control,NA,NA,NA,129.24,1357,5.019159911569639,59,1.0099502487562189,4.0092096628134195,0.031021430383885943
B,1,B1,5597,f,1,FALSE,FALSE,tweed,60,selected,NA,NA,NA,146.886,667,8.391304347826088,60,1.0099502487562189,7.381354099069869,0.050252264334721276
B,2,B2,5088,f,1,FALSE,FALSE,blue,61,selected,NA,NA,NA,108.129,1111,4.57965796579658,61,1.0099502487562189,3.5697077170403606,0.033013416539877
B,3,B3,948,f,1,FALSE,FALSE,tweed,62,control,NA,NA,NA,67.258,340,2.788235294117647,62,1.0099502487562189,1.778285045361428,0.026439755053100422
B,4,B4,7407,f,1,FALSE,FALSE,blue,63,control,NA,NA,NA,119.773,1209,6.126550868486352,63,1.0099502487562189,5.116600619730133,0.0427191488877304
C,1,C1,5913,f,1,FALSE,FALSE,tweed,64,selected,NA,NA,NA,238.33,906,6.526490066225166,64,1.0099502487562189,5.516539817468947,0.023146644641752805
C,3,C3,3365,f,1,FALSE,FALSE,tweed,65,control,NA,NA,NA,116.868,684,4.919590643274854,65,1.0099502487562189,3.909640394518635,0.03345347224662555
C,4,C4,6029,f,1,FALSE,FALSE,blue,66,control,NA,NA,NA,148.844,1410,4.275886524822695,66,1.0099502487562189,3.2659362760664763,0.0219420082506952
A,1,A1,8605,f,2,FALSE,FALSE,tweed,56,selected,NA,NA,NA,147.914,745,11.550335570469798,56,1.0298507462686568,10.52048482420114,0.07112568671120477
A,2,A2,10216,f,2,FALSE,FALSE,blue,57,selected,NA,NA,NA,108.924,642,15.912772585669781,57,1.0298507462686568,14.882921839401124,0.13663583635747056
A,3,A3,7243,f,2,FALSE,FALSE,tweed,58,control,NA,NA,NA,95.881,819,8.843711843711844,58,1.0298507462686568,7.813861097443187,0.08149540677968718
A,4,A4,10591,f,2,FALSE,FALSE,blue,59,control,NA,NA,NA,129.24,1357,7.804716285924834,59,1.0298507462686568,6.774865539656178,0.052420810427547024
B,1,B1,9870,f,2,FALSE,FALSE,tweed,60,selected,NA,NA,NA,146.886,667,14.7976011994003,60,1.0298507462686568,13.767750453131642,0.09373085558277605
B,2,B2,8924,f,2,FALSE,FALSE,blue,61,selected,NA,NA,NA,108.129,1111,8.032403240324033,61,1.0298507462686568,7.002552494055376,0.0647610954883091
B,3,B3,1563,f,2,FALSE,FALSE,tweed,62,control,NA,NA,NA,67.258,340,4.597058823529411,62,1.0298507462686568,3.5672080772607546,0.05303767696423853
B,4,B4,10930,f,2,FALSE,FALSE,blue,63,control,NA,NA,NA,119.773,1209,9.040529363110009,63,1.0298507462686568,8.010678616841352,0.06688217391934202
C,1,C1,10066,f,2,FALSE,FALSE,tweed,64,selected,NA,NA,NA,238.33,906,11.110375275938189,64,1.0298507462686568,10.080524529669532,0.042296498676916594
C,3,C3,6258,f,2,FALSE,FALSE,tweed,65,control,NA,NA,NA,116.868,684,9.149122807017545,65,1.0298507462686568,8.119272060748887,0.06947386847339637
C,4,C4,8567,f,2,FALSE,FALSE,blue,66,control,NA,NA,NA,148.844,1410,6.075886524822695,66,1.0298507462686568,5.046035778554039,0.03390150613094273
A,1,A1,10024,f,3,FALSE,FALSE,tweed,56,selected,NA,NA,NA,147.914,745,13.45503355704698,56,1.0497512437810945,12.405282313265886,0.08386820931937401
A,2,A2,12024,f,3,FALSE,FALSE,blue,57,selected,NA,NA,NA,108.924,642,18.72897196261682,57,1.0497512437810945,17.679220718835726,0.16230785427303188
A,3,A3,10922,f,3,FALSE,FALSE,tweed,58,control,NA,NA,NA,95.881,819,13.335775335775336,58,1.0497512437810945,12.286024091994243,0.12813825567103224
A,4,A4,11168,f,3,FALSE,FALSE,blue,59,control,NA,NA,NA,129.24,1357,8.229918938835667,59,1.0497512437810945,7.180167695054572,0.05555685310317682
B,1,B1,11581,f,3,FALSE,FALSE,tweed,60,selected,NA,NA,NA,146.886,667,17.36281859070465,60,1.0497512437810945,16.313067346923553,0.11105937493650554
B,2,B2,10252,f,3,FALSE,FALSE,blue,61,selected,NA,NA,NA,108.129,1111,9.227722772277227,61,1.0497512437810945,8.177971528496133,0.07563162082786425
B,3,B3,2052,f,3,FALSE,FALSE,tweed,62,control,NA,NA,NA,67.258,340,6.035294117647059,62,1.0497512437810945,4.985542873865964,0.07412564860486433
B,4,B4,12278,f,3,FALSE,FALSE,blue,63,control,NA,NA,NA,119.773,1209,10.15550041356493,63,1.0497512437810945,9.105749169783834,0.0760250571479702
C,1,C1,11054,f,3,FALSE,FALSE,tweed,64,selected,NA,NA,NA,238.33,906,12.200883002207506,64,1.0497512437810945,11.151131758426413,0.04678861980626196
C,3,C3,10218,f,3,FALSE,FALSE,tweed,65,control,NA,NA,NA,116.868,684,14.93859649122807,65,1.0497512437810945,13.888845247446977,0.11884215736939947
C,4,C4,8728,f,3,FALSE,FALSE,blue,66,control,NA,NA,NA,148.844,1410,6.190070921985815,66,1.0497512437810945,5.140319678204721,0.03453494718097284
A,1,A1,10515,f,4,FALSE,FALSE,tweed,56,selected,NA,NA,NA,147.914,745,14.114093959731544,56,1.0398009950248757,13.074292964706668,0.08839117977139871
A,2,A2,12248,f,4,FALSE,FALSE,blue,57,selected,NA,NA,NA,108.924,642,19.077881619937695,57,1.0398009950248757,18.03808062491282,0.16560244413456005
A,3,A3,12680,f,4,FALSE,FALSE,tweed,58,control,NA,NA,NA,95.881,819,15.482295482295482,58,1.0398009950248757,14.442494487270606,0.1506293685638511
A,4,A4,11706,f,4,FALSE,FALSE,blue,59,control,NA,NA,NA,129.24,1357,8.626381724392042,59,1.0398009950248757,7.586580729367166,0.05870149125168033
B,1,B1,11765,f,4,FALSE,FALSE,tweed,60,selected,NA,NA,NA,146.886,667,17.638680659670165,60,1.0398009950248757,16.59887966464529,0.11300518541348589
B,2,B2,11120,f,4,FALSE,FALSE,blue,61,selected,NA,NA,NA,108.129,1111,10.009000900090008,61,1.0398009950248757,8.969199905065132,0.08294906921422682
B,3,B3,2366,f,4,FALSE,FALSE,tweed,62,control,NA,NA,NA,67.258,340,6.958823529411765,62,1.0398009950248757,5.919022534386889,0.08800473600741755
B,4,B4,12903,f,4,FALSE,FALSE,blue,63,control,NA,NA,NA,119.773,1209,10.672456575682382,63,1.0398009950248757,9.632655580657506,0.0804242657415069
C,1,C1,11471,f,4,FALSE,FALSE,tweed,64,selected,NA,NA,NA,238.33,906,12.661147902869757,64,1.0398009950248757,11.621346907844881,0.04876157809694491
C,3,C3,10523,f,4,FALSE,FALSE,tweed,65,control,NA,NA,NA,116.868,684,15.384502923976608,65,1.0398009950248757,14.344701928951732,0.12274276901249044
C,4,C4,8779,f,4,FALSE,FALSE,blue,66,control,NA,NA,NA,148.844,1410,6.226241134751773,66,1.0398009950248757,5.186440139726898,0.03484480489456678
